isocode,flfp2000,female_ownership,women_politics,plow,agricultural_suitability,tropical_climate,large_animals,political_hierarchies,economic_complexity,ln_income,ln_income_squared,year_obs,plow_aborigenal,hunting,husbandry,terrain_slope,soil_depth,avg_temperature,avg_precipitation,country,communist_dummy,continent,rugged,european_descent,cath00,prot00,othchrist00,muslim00,hindu00,trade_GDP,years_civil_conflict,years_interstate_conflict,agr_va_gdp2000,man_va_gdp2000,serv_va_gdp2000,polity2_2000,plow_negative_crops,plow_positive_crops,region,intensity_agriculture,abs_inherit,matrilocal,patrilocal,nuclear_fam,extended_fam,oil_pc,terrslope2,soil2,avg_temp2,avg_precip2,slope_soil,slope_temp,slope_precip,soil_temp,soil_precip,temp_precip
ABW,,,,0,.8298465829849999,1,1,4,7,,,1950,0,.025,.1,4.821624923640001,.8926794598439999,26.35104179382324,96.3925018310547,Aruba,0,North America,.4624279433530184,,,,,,,54.23,,,,,,,.63151652,0,North America,0,0,0,1,0,1,,23.248068,.79687661,694.37738,9291.5146,4.3041654,127.05484,464.76849,23.523033,86.047607,2540.0427
AFG,31.3,2.8,,.99996948,.2292673640356626,.785294714528703,1,3.633688,6.1993299,,,1630.53,.99996948,.042238392,.36460665,24.97126107305964,.2615747517037887,8.630340430400958,23.19572928883535,Afghanistan,1,Asia,2.518146183415607,0,0,0,0,.98100001,.0040000002,,21,1,,,,-7,.22028776,.81580907,Asia,.70054954,.00014213924,0,1,.00061781605,.9993822,0,623.5639,.068421349,74.482773,538.04187,6.5318513,215.51048,579.22662,2.2574792,6.0674171,200.18704
AGO,75.2,56.6,16,0,.9210611741279955,1,.99889553,2.7207272,6.6972165,6.4916224,42.141163,1925.9111,0,.1330575,.17842478,18.9367447598965,.9850939321740845,20.44588043078357,95.53415537491094,Angola,1,Africa,.8582158579480259,2,.62099999,.15000001,.169,0,0,120.07,31,2,5.66,2.89,22.21,-3,.75094253,.28611118,Sub-Saharan Africa,.013494946,.06920179,0,.64784676,.11516061,.062165204,.071893834,358.60031,.97041005,418.03403,9126.7744,18.654472,387.17841,1809.106,20.141113,94.110115,1953.2799
AIA,,,,0,.829846582985,1,1,4,7,,,1950,0,.025,.1,4.821624923640001,.8926794598440001,26.35104179382324,96.39250183105469,,,North America,.0125534082187223,,,,,,,,,,,,,,.63151652,0,North America,0,0,0,1,0,1,,23.248068,.79687661,694.37738,9291.5146,4.3041654,127.05484,464.76849,23.523033,86.047607,2540.0427
ALB,50.2,10.8,5,1,.5559278255233817,.3593177499296619,1,3.0297232,5.0350509,7.0934787,50.31744,1888.9608,1,.025,.39704946,31.40547370065349,.7809187592420996,11.05608321348921,79.33511470835921,Albania,1,Europe,3.42705827646093,100,.168,.0060000001,.02,.38800001,0,36.560001,0,0,29.13,11.44,51.86,5,.33347797,.97378701,Europe,1,0,0,.98748493,.015537197,.98446286,0,986.30377,.60983413,122.23698,6294.0605,24.525124,347.22153,2491.5569,8.6339025,61.954281,877.13562
AND,,,7,1,.8830061002010007,.6688002248343855,1,4.3311996,7,,,1950,1,.025,.30000001,18.95187269219157,.7588749358392227,14.53661892934396,45.63596791112182,,,Europe,5.717271228973735,,.89200002,.0020000001,.041000001,.0060000001,.0049999999,,0,0,,,,,.29729816,.98410159,Europe,1,0,0,0,1,0,,359.17349,.5758912,211.31329,2082.6416,14.382101,275.49615,864.88702,11.031476,34.631992,663.3927
ANT,54.8,,,0,.829846582985,1,1,4,7,,,1950,0,.025,.1,4.821624923639999,.892679459844,26.35104179382324,96.39250183105466,Netherlands Antilles,0,North America,.254913278626955,,,,,,,,,,,,,,.63151652,0,North America,0,0,0,1,0,1,,23.248068,.79687661,694.37738,9291.5146,4.3041654,127.05484,464.76849,23.523033,86.047607,2540.0427
ARE,34.2,,0,.99999976,.0421904064546573,1,1,3.9999995,6.9999986,9.9869328,99.738823,-1982.2772,.99999976,.025000017,.20044878,6.123180675839595,.8595161508289983,22.31110057328939,8.075888867540916,United Arab Emirates,0,Asia,.7688347484451867,0,.050999999,.0089999996,.021,.75599998,.078000002,120.19,0,1,3.51,13.47,40.83,-8,.12392578,.6822505,Asia,.99999976,2.1529640e-07,0,.0044867755,.9955132,.0044865613,.81555068,37.493343,.73876804,497.78522,65.219978,5.2629728,136.6149,49.450127,19.176752,6.9413571,180.18198
ARG,45.6,38,28,.0077993935,.5467691089812848,.997066091990581,.79793388,2.2562783,4.7579503,8.9493513,80.090889,1836.2036,.0073562292,.21005531,.11933134,10.74262753967591,.8840891885794377,19.99556721645086,97.14980535023635,Argentina,0,South America,.7746106347558306,89.889496,.85000002,.034000002,.048,.02,0,18.120001,16,9,4.97,17.52,67.42,8,.46131274,.67435217,South America,.31024766,.84584385,.11043819,.50857377,.42987105,.57012892,.021927122,115.40405,.78161371,399.82272,9438.085,9.4974413,214.80493,1043.6442,17.677864,85.889091,1942.5654
ARM,57.2,31.8,3,.97745103,.5941458884903416,.0247244113701799,1,3.9752653,6.8560729,6.4300981,41.346161,1900.9879,.97745103,.026691172,.31149223,26.27373546196948,.5971387185121912,7.507083727661582,37.09762885413319,Armenia,1,Asia,2.68842246521517,.5,.046,.003,.0089999996,.027000001,0,61.52,3,2,25.55,24.07,39.04,5,.34828019,.96438491,Asia,.97745103,0,0,1,.024707329,.97529268,0,690.3092,.35657465,56.356308,1376.234,15.689065,197.23914,974.6933,4.4827704,22.152431,278.495
ASM,,,,0,0,,1,3,7,,,1920,0,.025,.1,,1,,,American Samoa,0,Oceania,2.646809560773578,,,,,,,,,,,,,,,,Oceania,0,,0,0,0,1,,,1,,,,,,,,
ATG,,21.3,,0,.829846582985,1,1,4,7,9.090559,82.63826,1950,0,.025,.1,4.82162492364,.8926794598440001,26.35104179382325,96.39250183105469,Antigua and Barbuda,0,North America,.0062263581898636,,.115,.64200002,.177,.0040000002,.001,69.110001,0,0,3.93,2.26,76.3,,.63151652,0,North America,0,0,0,1,0,1,0,23.248068,.79687661,694.37738,9291.5146,4.3041654,127.05484,464.76849,23.523033,86.047607,2540.0427
AUS,54.6,,22,0,.4192980104891468,1,0,1.0082313,1,9.945919,98.921303,1912.6561,0,.30702195,.025,2.941860577372265,.8723267505352995,19.99802023728422,73.06922078427353,Australia,0,Oceania,.1433353100143432,89.954498,.25999999,.322,.178,.012,.003,32.48,4,21,3.51,13.19,69.58,10,.47051406,.16070354,Oceania,0,1,0,1,.81825042,.10576776,.042460091,8.6545439,.76095396,399.92081,5339.1108,2.5662637,58.831387,214.95946,17.444809,63.740234,1461.2397
AUT,48.9,,27,1,.8052248541518987,.0012255100369608,1,4.0001326,7.0491881,10.093895,101.88672,1949.5747,1,.025,.30225238,5.91515286397293,.956966679314213,9.313429326564277,71.96578555319142,Austria,0,Europe,3.513180563426177,98.400002,.755,.050000001,.072999999,.022,0,73.279999,6,11,2.04,20.57,67.18000000000001,10,.05477928,.95604658,Europe,1,0,0,.079139985,.00013243633,.99986756,0,34.989033,.91578525,86.739967,5179.0742,5.660604,55.090359,425.68863,8.9126415,68.868858,670.24823
AZE,57.2,10.8,12,.10224351,.3141168937001449,.9609690069730401,1,3.118499,1.5486188,6.4847922,42.052532,1938.8325,.10224351,.092331737,.75345129,33.28675268202537,.6173513467648587,17.45076900503497,14.72733772965523,Azerbaijan,1,Asia,1.671540745226919,4,.001,0,.001,.83700001,0,55.32,3,2,17.14,5.64,37.52,-7,.23024642,.88513142,Asia,.087483592,0,0,1,.91396707,.086032942,.035974786,1108.0079,.38112268,304.52933,216.89447,20.549622,580.87946,490.22525,10.773255,9.0919418,257.00336
BDI,90.5,34.8,6,0,.626775766867495,1,1,3.9917922,5.0093212,4.6942868,22.036329,1910.2817,0,.026369246,.30035472,21.57831629767052,.992012633123303,19.80880005666837,98.54551167401046,Burundi,0,Africa,1.779704232102706,0,.57200003,.19499999,.15000001,.014,.001,27.92,15,0,40.4,8.66,40.81,-1,.64007092,.1347423,Sub-Saharan Africa,1,0,0,1,0,.0035472126,0,465.62375,.98408908,392.38855,9711.2178,21.405962,427.44055,2126.4463,19.650579,97.758392,1952.0684
BEL,43.5,,23,1,.8727312041832328,0,1,4.4873791,7,10.026733,100.53539,1950,1,.025,.30000001,7.640085496723007,.8606199880006373,9.363441016705725,73.63030144911644,Belgium,0,Europe,.387796866879718,97.999992,.80900002,.013,.055,.035999998,0,157.46001,4,9,1.38,19.27,71.59999999999999,10,.060424332,.96220869,Europe,1,0,0,0,.48737922,.51262075,0,58.370907,.74066675,87.674026,5421.4214,6.5752101,71.537491,562.54181,8.0583649,63.36771,689.43298
BEN,63.9,43.9,6,0,.8924576844850868,1,1,2.8658755,7.2931366,5.7471757,33.030029,1911.4176,0,.10669107,.15144897,5.372583080490642,.8684860600539234,26.34290844022306,88.18728099148009,Benin,1,Africa,.1411412199888614,0,.208,.037999999,.034000002,.2,0,44.57,0,0,36.53,8.77,49.58,6,.65163958,2.4590825e-06,Sub-Saharan Africa,.16191983,0,0,.99689269,0,.62503588,0,28.864649,.75426805,693.94885,7776.9966,4.6660137,141.52946,473.79349,22.878448,76.589424,2323.1094
BFA,77.5,19.2,8,0,.9313136012552352,1,1,2.989207,5.5280876,5.4394755,29.587894,1912.514,0,.083777212,.20489001,5.663634207106629,.7949987134840204,27.2956005449522,81.77202058179486,Burkina Faso,0,Africa,.2364613308813527,0,.094999999,.064999998,.0049999999,.486,0,31.41,0,0,28.99,16.17,46.6,-3,.65490419,0,Sub-Saharan Africa,.17039457,0,0,.99322623,.0090228906,.44121021,0,32.076752,.63202298,745.0498,6686.6636,4.5025821,154.5923,463.1268,21.699966,65.008652,2232.0164
BGD,54.7,16.1,9,.93164903,.5878252698494211,1,.99624777,4.237824,6.9887433,5.9008012,34.819454,1935.9166,.89978766,.034076933,.19164531,6.851511780078607,.9082232945894604,25.38610518371522,143.6459985786027,Bangladesh,0,Asia,.1864104573085172,0,.0020000001,.001,0,.85699999,.123,32.41,0,0,25.51,15.23,49.2,6,.6039834,.42910659,Asia,.89978766,.037705183,.045314696,.94629085,.059536953,.93671083,0,46.943214,.82486957,644.45435,20634.174,6.2227025,173.9332,984.19226,23.056252,130.46265,3646.6125
BGR,47.7,33.9,11,1,.7624163868852045,.0853814824102996,1,3.9503276,6.9503684,7.3544903,54.088528,1939.3506,1,.026875526,.21339735,21.48329089149608,.8856672920128758,10.88552317753503,43.38310499407592,Bulgaria,1,Europe,1.479474565690422,98.849998,.011,.012,.072999999,.119,0,88.309998,1,13,14.22,18.14,55.11,8,.49644059,.97460878,Europe,1,0,0,.99965823,.00079454156,.99920547,0,461.5318,.78440654,118.49461,1882.0938,19.027048,233.85686,932.01184,9.6409521,38.422997,472.2478
BHR,33.8,,,1,.0136262142407311,1,1,4,7,9.381012,88.003387,704.21466,1,.025,.26846114,22.9902430199209,.5048687292023356,21.9149533962897,20.26388074281588,Bahrain,0,Asia,.2313630255416577,0,.041000001,.013,.046999998,.824,.063000001,135.85001,0,0,,,,-9,.12488464,.65987158,Asia,1,0,0,.68461132,.31538871,.68461132,0,528.55127,.25489244,480.26517,410.62488,11.607055,503.83011,465.87155,11.064175,10.230599,444.082
BHS,66.8,58.3,15,0,.901672240803004,1,1,2,7,9.7171841,94.423668,1920,0,.025,.2,8.342840166369999,.6819425444600004,27.3855152130127,96.56250000000001,"Bahamas, The",0,North America,.0553351331855647,,.156,.634,.131,0,0,47.939999,0,0,2.02,5.39,78.67,,.6543659,0,North America,1,0,0,1,0,1,0,69.602982,.46504563,749.96643,9324.3164,5.6893377,228.47298,805.60553,18.675348,65.850075,2644.4138
BIH,56.1,32.8,29,1,.8069101811245415,.0256938104580908,1,3.9928989,7.9893484,7.1794987,51.5452,1949.8225,1,.025266288,.39928991,22.38615389096165,.8894923332287673,10.81610653295905,64.40234558549407,Bosnia and Herzegovina,1,Europe,2.311480112534687,100,.17200001,.001,.001,.60000002,0,75.839996,4,1,10.98,10.48,65.13,,.42515814,.97443908,Europe,1,0,0,1,0,1,0,501.13989,.79119658,116.98816,4147.6621,19.912312,242.13103,1441.7208,9.6208439,57.285393,696.58264
BLR,53.1,52.9,5,1,.9655166251886047,0,1,4.9986219,7,7.1491699,51.11063,1910.0669,1,.025,.30005574,5.388992057671471,.9924125598566457,5.248013100774205,59.94512463234681,Belarus,1,Europe,.1642988691584789,100,.132,.013,.071000002,.003,0,125.4,0,0,14.15,31.64,46.68,-7,.071773626,.97889465,Europe,1,.00026776321,0,.0023322878,.00026776321,.99973226,0,29.041235,.98488271,27.541641,3593.418,5.3481035,28.281502,323.04379,5.2081943,59.490295,314.5928
BLZ,39.6,30.4,7,.35342711,.6047375295849954,.9142817242854034,.72402602,3.2768035,7.2653008,8.1106863,65.783234,1834.2081,.35342711,.045698047,.14998738,12.20706566453826,.7367916524321069,21.37876536543967,96.73930128265778,Belize,0,North America,.6070333248227537,39.9104,.56800002,.208,.133,.0060000001,.023,89.169998,0,0,16.75,10.87,62.06,,.49824452,.36057279,North America,.35342711,0,0,.63589984,.62397063,.3760294,0,149.01245,.54286194,457.05161,9358.4922,8.9940643,260.97198,1180.903,15.751696,71.276711,2068.1667
BMU,,,,1,.884332925337,0,1,4,8,,,1920,1,.025,.30000001,16.3142857143,.983374896093,8.232592582702637,89.73759460449219,Bermuda,0,North America,.014543635430571,,.142,.59600002,.18799999,0,0,21.98,,,,,,,.43149176,.83332443,North America,1,0,0,0,1,0,0,266.15591,.96702617,67.775581,8052.8359,16.043058,134.30887,1464.0048,8.0957251,88.245697,738.77307
BOL,59.9,41.3,12,.44327331,.4182320221977929,1,.84200007,3.9205692,6.5669661,6.9174728,47.851429,1771.8044,0,.080962956,.22017765,20.95912441059201,.6979196178509228,15.89246767672547,106.752267680729,Bolivia,0,South America,.8526116126857052,26.732498,.86000001,.048999999,.032000002,0,0,36.439999,4,9,15.01,15.33,55.2,9,.64726549,.13842481,South America,.3864961,.44357553,.023615744,.91237783,.41457957,.52703947,0,439.28488,.48709178,252.57053,11396.047,14.627784,333.09219,2237.4341,11.091665,74.504501,1696.557
BRA,54.7,59.3,6,.00012189669,.143990119408592,1,.19574821,1.4696804,6.0698504,8.2179546,67.534775,1942.118,.00012189669,.22742896,.039094612,11.12654694197093,.9280719590330531,20.73228519326302,147.4950625040656,Brazil,0,South America,.2397746149389786,74.429764,.74199998,.093000002,.082000002,.001,0,17.700001,23,11,5.6,17.22,66.67,8,.49971217,.27650595,South America,.00012189669,.54457432,.071098097,.80108786,.64076686,.23049241,.0071914853,123.80005,.86131757,429.82764,21754.793,10.326236,230.67874,1641.1107,19.241053,136.88603,3057.9097
BRB,64.09999999999999,43.5,11,0,.8298465829849999,1,1,4,7,,,1950,0,.025,.1,4.82162492364,.892679459844,26.35104179382325,96.39250183105469,Barbados,0,North America,.9625544661971394,,.041000001,.60100001,.32699999,.0080000004,.003,55.810001,0,0,4.29,6.36,79.38,,.63151652,0,North America,0,0,0,1,0,1,0,23.248068,.79687661,694.37738,9291.5146,4.3041654,127.05484,464.76849,23.523033,86.047607,2540.0427
BRN,55.2,,,.87793475,0,1,1,2.4808638,7,9.4683495,89.649643,1938.4706,.74043185,.03531272,.2,16.66867072855491,.7103004397339717,25.23800953109484,245.9635776788948,Brunei Darussalam,0,Asia,.5199752972552418,,.017000001,.032000002,.027000001,.64399999,.0080000004,83.480003,0,0,1.02,15.36,35.31,,,,Asia,.74043185,0,0,.87793475,.13750291,.86249709,.59330398,277.84457,.50452673,636.95715,60498.082,11.839765,420.68408,4099.8857,17.926569,174.70804,6207.6313
BTN,36.9,31.3,2,.99992901,.1491072303566586,1,1,3.7069213,5.296073,6.6834884,44.669018,1940.0031,.99992901,.041543227,.40952188,36.46118783564608,.3768111138605911,8.675445784170288,142.1326539917829,Bhutan,0,Asia,6.740055537222648,0,0,.0020000001,.003,.0099999998,.205,65.029999,0,0,28.43,8.529999999999999,36.3,-10,.33431596,.71301121,Asia,.68415266,0,0,1,.3158522,.68414783,0,1329.4182,.14198661,75.263359,20201.691,13.738981,316.31705,5182.3252,3.2690043,53.557163,1233.0641
BWA,69.2,55.3,,.060291138,.7268579131709297,1,.88277465,2.7319789,6.2699361,8.1667175,66.695274,1888.2806,.060291138,.13479254,.34862635,14.02051758723836,.8688193875319399,20.23056895333569,45.16907268507001,Botswana,0,Africa,.1806808855450938,1.5,.037,.117,.44600001,.0020000001,.001,84.440002,0,0,2.41,4.38,38.64,9,.77337956,.16036054,Sub-Saharan Africa,.018832436,.14241101,0,.96048856,.10666151,.11082168,0,196.57492,.75484711,409.27591,2040.2451,12.181297,283.64304,633.29376,17.57671,39.243767,913.79602
CAF,70.40000000000001,53.3,7,.047275111,.4709626059556492,1,.95982784,1.2894188,5.8284974,5.530405,30.585381,1915.3162,0,.12870504,.11671796,6.9859004410106,.9541821362844408,24.46484913857375,123.6898612669789,Central African Republic,0,Africa,.1969904108305245,.60000002,.184,.14399999,.35100001,.156,0,28.98,0,0,53.15,6.97,31.03,5,.60397422,.040738016,Sub-Saharan Africa,2.1763694e-07,0,0,.99079758,0,.12109872,0,48.802807,.91046357,598.52887,15299.182,6.6658216,170.909,864.08508,23.343922,118.02266,3026.0537
CAN,58.6,,21,.97425133,.8112689705576031,.0001527370326584,.97723472,3.9430733,7.6348782,10.05275,101.05778,1919.5806,.97425133,.034279734,.26737618,15.92140698354694,.8819482688061797,6.692047716060199,90.13642212299985,Canada,0,North America,.7749010822810684,85.329994,.391,.156,.207,.0099999998,.018999999,71.93,0,13,2.28,19.23,64.52,10,.39753205,.83684266,North America,.97425133,.0047497717,.0088685295,.013114111,.97888196,.01969202,.087493196,253.4912,.77783275,44.783504,8124.5747,14.041858,106.54681,1435.0986,5.90204,79.495659,603.19727
CCK,,,,1,0,1,1,3,7,,,1940,1,.025,.2,17.2868949233,.609459459459,25.35208320617676,240.0537567138672,,,Oceania,.0147467759395164,,,,,,,,,,,,,,,,Oceania,1,0,0,1,0,1,,298.83673,.37144083,642.72815,57625.805,10.535662,438.25879,4149.7842,15.451067,146.30304,6085.8628
CHE,57.7,,23,1,.7794845388415003,.0723929435346014,1,4.4360662,7,10.441401,109.02287,1881.2267,1,.025,.29276073,8.378711510089005,.8521759280500909,9.690869175636877,73.23472234362748,Switzerland,0,Europe,4.761174758093849,98.5,.42899999,.40400001,.048999999,.027000001,.003,65.230003,0,0,1.61,19.04,71.14,10,.12638675,.96066266,Europe,1,0,0,0,.43606594,.56393409,0,70.202805,.7262038,93.912949,5363.3247,7.1401362,81.196999,613.61261,8.2583256,62.408867,709.70813
CHI,,,,,,,,,,,,,,,,,,,,Channel Islands,,,,,,,,,,,,,,,,,,,,,,,,,,,,,,,,,,,,
CHL,35.7,29.6,11,.15328324,.2340041289220811,.9999964233976883,.99999642,1.0317403,6.1599841,8.4929476,72.130157,1886.7783,0,.025504533,.2153277,11.46702072789091,.9044137077536497,13.37414193060576,27.37755637976881,Chile,1,South America,2.480544459912736,59.189503,.67400002,.017000001,.2,0,0,50.150002,3,7,6.11,19.46,55.49,9,.29235739,.68098116,South America,.84671319,.0067223399,0,.99999732,.0067223399,.99327767,0,131.49257,.81796414,178.86768,749.53058,10.370931,153.36156,313.939,12.095757,24.760637,366.15134
CHN,70.90000000000001,,22,.90871602,.602402423304135,.2696819171251248,1,4.8037519,6.8857942,6.8556008,46.999264,1917.771,.90871602,.029832818,.20800772,12.65925236010406,.8523375539012342,15.15668434267979,83.52176335864816,China,1,Asia,1.878043385164113,0,.0060000001,.001,.064000003,.015,0,39.57,105,30,15.06,32.12,39.02,-7,.50290698,.84823424,Asia,.96783376,.02275826,1.0669872e-06,.9031865,.12699075,.87300926,.0025632591,160.25667,.72647929,229.72508,6975.8848,10.789956,191.8723,1057.3231,12.918612,71.188736,1265.913
CIV,49.2,61.9,,0,.5099761392270517,1,1,2.0880477,6.8102679,6.4344907,41.402672,1911.1765,0,.098659039,.10595243,5.271128347341442,.9226678637247746,26.0681736787917,115.9248363208167,Cote d'Ivoire,0,Africa,.2237952348127595,0,.148,.050999999,.124,.301,.001,64.059998,3,0,24.22,21.68,50.93,4,.62842548,.00019907202,Sub-Saharan Africa,.090175234,.15666623,0,.84462297,0,.71754885,0,27.784794,.85131598,679.54968,13438.567,4.8635006,137.40869,611.05469,24.052265,106.96012,3021.9487
CMR,51.2,15.7,6,.0057666497,.3057585976407101,1,.9424451,1.6311642,6.1874995,6.5193896,42.502441,1918.1636,0,.079697847,.19526139,9.45169226529995,.9151801816361177,24.96993753839929,148.4121816218544,Cameroon,0,Africa,.5148498299669132,0,.26499999,.207,.07,.212,0,32.970001,0,0,22.14,20.83,41.85,-4,.62132007,.053135265,Sub-Saharan Africa,.096375093,.54528165,.00018970348,.99360174,2.8144736e-06,.59029365,.0057327677,89.334488,.83755475,623.4978,22026.176,8.6500015,236.00816,1402.7462,22.851992,135.82388,3705.843
COG,61.1,,12,0,.1580864045298845,1,.97621334,1.7159894,6.9910293,6.8422728,46.816696,1896.8059,0,.10381288,.093176566,9.015881168788614,.9754797932384093,23.67467423186785,126.4314424167094,"Congo, Rep.",1,Africa,.1518152617656725,0,.493,.17,.249,.013,0,91.739998,3,0,5.3,3.48,22.54,-6,.76267958,.14929467,Sub-Saharan Africa,0,.00010829473,0,.29252154,.85441262,.045618806,.0884967,81.28611,.95156085,560.49017,15984.909,8.7948103,213.44804,1139.8909,23.094166,123.33131,2993.2231
COK,,,,.000075889242,.884332925337,0,.00013154745,2.0001519,5.000339,,,1820.0137,.000075889242,.025,.025025045,16.3142857143,.983374896093,23.25719285056998,159.0030741021977,,,Oceania,.9600662225612793,,,,,,,,,,,,,,.43149176,.83332443,Oceania,.000075889242,0,0,.99992412,.0001315672,.99986845,,266.15591,.96702617,540.89703,25281.979,16.043058,379.4245,2594.0215,22.870539,156.35963,3697.9651
COL,36.2,35.3,12,0,.0552184524731732,1,.41068137,1.2775259,4.6942906,7.6058493,57.848942,1928.3516,0,.16005491,.12208674,14.80078253992362,.8899055330566525,24.70877733612381,202.2970071259813,Colombia,0,South America,.885233450005341,45.599998,.94300002,.015,.014,.001,0,24.49,44,4,10.36,15.41,59.86,7,.57308739,.022391975,South America,.12596367,.32138392,.16758993,.23322701,.54146022,.3479445,.017856544,219.06317,.79193187,610.52368,40924.078,13.171298,365.70923,2994.1541,21.988478,180.02522,4998.5117
COM,70.09999999999999,,,0,.9542857142860011,1,1,4,7,5.9233556,35.08614,1930,0,.025,.2,7.386243386240001,.9725609756099997,25.37083244323729,96.07638549804689,Comoros,0,Africa,3.328363716352739,0,.0099999998,.0020000001,.001,.98000002,0,28.23,0,0,48.55,4.53,39.93,-1,.65552539,.0048054028,Sub-Saharan Africa,0,0,0,1,0,0,0,54.556591,.94587487,643.67914,9230.6719,7.1835723,187.39514,709.64355,24.674681,93.44014,2437.5378
CPV,45.5,33.1,11,0,.829846582984999,1,1,4,7,7.0726705,50.022667,1950,0,.025,.1,4.821624923640002,.8926794598440002,26.35104179382324,96.3925018310547,Cape Verde,0,Africa,2.366629147163479,41.400002,.89399999,.017999999,.02,.028000001,0,45.349998,0,0,12,9.289999999999999,70.15000000000001,,.63151652,0,Sub-Saharan Africa,0,0,0,1,0,1,0,23.248068,.79687661,694.37738,9291.5146,4.3041654,127.05484,464.76849,23.523033,86.047607,2540.0427
CRI,36.8,43.5,19,0,.079246249604465,1,1,2.0221477,5.8118892,8.3086615,69.033852,1949.0216,0,.076892383,.092661783,20.72855214311069,.8244514047613243,23.33397822515049,246.9930141469801,Costa Rica,0,North America,2.112266742350859,60.390003,.87199998,.057999998,.035999998,0,0,76.739998,1,0,9.460000000000001,25.33,58.46,10,.62734365,0,North America,0,.65848351,.097842924,.30810153,.59405553,.40594447,0,429.67288,.6797201,544.47455,61005.551,17.089684,483.6796,5119.8076,19.237732,203.63374,5763.3296
CUB,38.1,,28,1,.8601119851013358,.9999603491793546,1,4,7.0000396,,,1949.9988,1,.025,.30000001,23.13145011321884,.7605432654063702,17.00774683173362,31.47350171695288,Cuba,1,North America,.5283006377245099,63,.38999999,.017000001,.027000001,.001,.0020000001,21.33,27,4,,,,-7,.44107676,.99496686,North America,1,0,0,0,1,0,0,535.06396,.57842606,289.26346,990.5813,17.592468,393.41385,728.02771,12.935127,23.93696,535.29333
CXR,,,,1,0,1,1,3,7,,,1940,1,.025,.2,17.2868949233,.6094594594590002,25.35208320617676,240.0537567138672,,,Asia,1.320609666815289,,,,,,,,,,,,,,,,Asia,1,0,0,1,0,1,,298.83673,.37144083,642.72815,57625.805,10.535662,438.25879,4149.7842,15.451067,146.30304,6085.8628
CYM,,,,1,.8843329253370003,0,1,4,8,,,1920,1,.025,.30000001,16.3142857143,.983374896093,8.232592582702637,89.73759460449219,Cayman Islands,0,North America,.0961308599779393,,,,,,,,,,,,,,.43149176,.83332443,North America,1,0,0,0,1,0,,266.15591,.96702617,67.775581,8052.8359,16.043058,134.30887,1464.0048,8.0957251,88.245697,738.77307
CYP,48.8,,5,1,.5474482271417954,.9184031126336893,1,4,7,9.4864826,89.993355,1950,1,.025,.32929453,31.85270172404531,.6682031380494222,14.17144500083059,55.79293369712185,Cyprus,1,Asia,2.718278458863452,1,.012,.011,.029999999,.219,0,51.490002,0,1,3.6,9.890000000000001,77.31999999999999,10,.34738979,.94990814,Asia,1,0,0,1,.70635086,.29364917,0,1014.5946,.44649544,200.82985,3112.8516,21.284075,451.3988,1777.1556,9.4694042,37.281013,790.6665
CZE,51.5,25,15,1,.8941416405727705,0,1,4,7,8.6163483,74.241455,1940.1241,1,.025,.30000001,13.25756274050952,.9616560798712428,8.07351551205492,56.61637547216144,Czech Republic,1,Europe,.8836967943156533,100,.40400001,.030999999,.189,0,0,107.66,0,0,3.89,26.83,58.04,10,.15802056,.98158288,Europe,1,0,0,.98759091,0,1,0,175.76297,.9247824,65.181656,3205.4141,12.749216,107.03514,750.59515,7.7639451,54.44548,457.0932
DEU,49.1,20.3,31,1,.8090652147304049,0,1,4.0007372,7,10.048203,100.96639,1949.973,1,.025,.30000001,4.937125727703124,.960393031193799,9.187170121166899,73.00723107321492,Germany,1,Europe,.5974422675422171,97.599998,.33500001,.35600001,.059,.044,.001,55.200001,5,33,1.26,22.95,68.48,10,.0064713568,.95315796,Europe,1,0,0,.0027021554,.00073734921,.99926269,0,24.37521,.92235476,84.404099,5330.0557,4.741581,45.358215,360.44589,8.8232937,70.115639,670.72986
DJI,56.6,,0,0,.1196689090509877,1,1,3.7080894,1.2913359,6.6482224,44.19886,1880.0403,0,.025,.888583,19.79901234875216,.5259022224368367,25.20110574720823,31.04061490111715,Djibouti,0,Africa,2.431862911061797,,.014,0,.001,.94099998,0,43.189999,0,0,3.54,2.61,81.09999999999999,2,.59058887,.037884917,Africa,0,0,0,1,0,1,0,392.00089,.27657315,635.0957,963.51978,10.412345,498.957,614.57355,13.253318,16.324327,782.25781
DMA,,41,9,0,.8298465829850001,1,1,4,7,8.2432413,67.951027,1950,0,.025,.1,4.82162492364,.892679459844,26.35104179382324,96.39250183105466,Dominica,0,North America,.0028978374014178,,.75800002,.149,.039000001,.0020000001,.0020000001,74.120003,0,0,18.1,8.76,58.44,,.63151652,0,North America,0,0,0,1,0,1,0,23.248068,.79687661,694.37738,9291.5146,4.3041654,127.05484,464.76849,23.523033,86.047607,2540.0427
DNK,60.1,,37,1,.8061855670099832,0,1,4,7,10.308718,106.26966,1950,1,.025,.30000001,4.910156250000001,.9605411499440019,9.189962387084995,73.05132293701189,Denmark,0,Europe,.1885195826140199,99.199997,.0060000001,.87800002,.032000002,.013,.001,60.5,0,3,2.61,16.19,70.58,10,.001744598,.95228791,Europe,1,0,0,0,0,1,.068010435,24.109634,.92263931,84.455406,5336.4956,4.7164073,45.124153,358.69342,8.8273373,70.1688,671.33893
DOM,47.4,30,16,.99876332,.8620227557163805,.994829974767854,1,4,7.0051699,7.7236686,59.655056,1949.8202,.99876332,.025,.29987633,23.10184540915562,.7612700003008723,16.97047536379472,31.87630251851538,Dominican Republic,0,North America,1.640515134528602,52,.88300002,.039999999,.018999999,0,0,63.41,1,0,7.25,26.13,56.85,8,.44606873,.96937472,North America,1,0,0,0,1,0,0,533.69525,.57953203,287.99704,1016.0986,17.586742,392.04929,736.40143,12.919114,24.266474,540.95599
DZA,31.3,15,3,.98090696,.2761215759557827,1,1,3.9293423,2.3676403,7.4947467,56.171227,1877.4808,.98090696,.025723891,.58174199,20.20599168679647,.6510034160786095,16.46676423040871,36.86409176350124,Algeria,0,Africa,.5097505758146967,0,.001,0,.0020000001,.96700001,0,56.950001,10,0,8.880000000000001,7.46,32.51,-3,.34767595,.96359473,Africa,.28724173,0,0,.99765682,.022716623,.9772833,.051858835,408.2821,.42380545,271.15433,1358.9613,13.15417,332.72729,744.87555,10.71992,23.99865,607.03229
ECU,41.1,24.1,17,0,.0741185669157323,1,.99347395,4.6208863,6.8141632,7.1666403,51.360733,1556.7979,0,.10445845,.18615265,25.28076218311,.6090539484395237,17.31065448141633,167.0325089795914,Ecuador,0,South America,1.277522466916756,31.976171,.93099999,.016000001,.029999999,0,0,54.25,4,2,,,,6,.41574529,.14873722,South America,.90848327,.99317271,0,.95541549,.90476573,.044129018,.032862391,639.11694,.37094671,299.65875,27899.859,15.397348,437.62653,4222.709,10.543122,101.73181,2891.4421
EGY,23.8,34,2,.99883294,.0040260546900813,.9995340366042619,1,3.2738326,5.19208,7.3023648,53.324532,1939.1241,.99883294,.052106395,.40850869,14.12071659151747,.3001343817444137,22.41912820188676,2.65687941629569,"Egypt, Arab Rep.",0,Africa,.7230666602185443,0,.003,.0080000004,.003,.84399998,0,19.889999,6,9,16.74,19.39,50.13,-6,.09057267,.63363636,Africa,.63841498,0,0,1,.36894876,.63105077,.011078627,199.39464,.090080649,502.61731,7.0590081,4.2381124,316.57416,37.51704,6.7287512,.79742086,59.564919
ERI,55.2,4.2,15,.89216101,.1539753560543914,1,1,2.5571377,5.2689004,5.182632,26.859674,1914.0608,.89216101,.029793134,.46562049,31.63445776686273,.5545638951212596,23.66103335685948,41.62698998184447,Eritrea,1,Africa,2.481304318992088,1.9,.034000002,.0060000001,.0040000002,.447,0,80.18,3,3,15.1,11.16,61.93,-6,.58685356,.076204926,Sub-Saharan Africa,.57893646,.000049326994,0,.92514783,.92435509,.064658485,0,1000.7389,.3075411,559.84448,1732.8063,17.543327,748.50397,1316.8473,13.121554,23.084826,984.93762
ESH,,,,1,.0283659169477135,1,1,4.0348225,1.2111439,,,1930.0442,1,.19368528,.49347699,3.736372427478408,.739221187879465,23.41984108416088,8.834221174898346,,,Africa,.2034134737072587,,,,,,,,,,,,,,.37708613,.97650683,Africa,.034822699,0,0,1,.034822699,.9651773,,13.960479,.54644799,548.48895,78.043465,2.7620056,87.505249,33.007942,17.312443,6.5304437,206.89606
ESP,40.5,34.1,22,1,.8566616864616138,.9999136027683282,1,4.0000057,7.0430555,9.5765057,91.709457,1949.3036,1,.025008611,.30430999,23.14571421255229,.7597538455812299,16.74587711184078,32.83818103763964,Spain,0,Europe,1.689148258149565,99.239998,.917,.0020000001,.0060000001,.0049999999,0,46.740002,26,10,4.38,18.6,66.39,10,.43550649,.9951126,Europe,1,0,0,.043363359,.99986297,.00013702677,0,535.72406,.57722592,280.42441,1078.3462,17.585045,387.59528,760.06317,12.722745,24.948935,549.90411
EST,51.7,36.3,18,1,.9593416393597622,0,1,4.0003943,7,8.3202372,69.226349,1939.9886,1,.025,.20038539,9.103208354437703,.9601531302915647,11.03740635833916,50.54457258564562,Estonia,1,Europe,.1226283186449845,100,.0040000002,.17200001,.29499999,.003,0,156.49001,0,5,4.82,17.65,67.65000000000001,6,.55503207,.99049211,Europe,1,.18566035,0,.99960566,.00039437198,.99960566,0,82.868401,.92189401,121.82434,2554.7539,8.7404737,100.47581,460.11777,10.5976,48.530529,557.88098
ETH,72.8,30.9,2,.73464608,.4599602565176601,1,1,3.1592555,4.8652372,4.8115182,23.150707,1933.9409,.73369676,.062731229,.37098941,24.76965392555584,.7297470070026763,20.2200833854037,80.07893879129486,Ethiopia,1,Africa,1.569605855020584,0,.0070000002,.13600001,.092,.30399999,0,21.370001,28,11,49.88,5.52,37.77,1,.52955776,.22396097,Sub-Saharan Africa,.73491883,0,0,.99583453,.35449186,.38607013,0,613.53577,.53253067,408.85178,6412.6362,18.075581,500.84448,1983.5276,14.755546,58.437366,1619.2028
FIN,58.3,,37,.99837261,.9041816256088371,0,1,3.9953489,6.9902358,10.055856,101.12023,1942.0768,.99837261,.025284791,.22124507,8.256176476244494,.9602265353093919,10.64595273429416,55.1168277117613,Finland,0,Europe,.3276550134077371,100,.001,.85100001,.064999998,.0020000001,0,66.18,2,9,3.53,26.25,62.77,10,.54167587,.9895488,Europe,.99837261,.0011137045,0,.79405886,.0018585441,.99814147,0,68.164452,.92203498,113.33631,3037.8647,7.9277997,87.894867,455.05426,10.222527,52.924641,586.77112
FJI,39.1,49.1,11,0,.0254372019077646,1,1,2.0089579,7,7.6200247,58.064777,1919.4142,0,.069793172,.054534987,18.85103972235503,1,24.55369527312611,265.7891493781316,Fiji,0,Oceania,1.395932274876384,2.2,.075000003,.40200001,.093000002,.068999998,.333,84.019997,0,0,17.06,13.97,60.64,5,.64912283,0,Oceania,0,,.39379981,.60620022,.40275773,.5972423,0,355.36169,1,602.88397,70643.875,18.85104,462.86267,5010.4019,24.553696,265.78915,6526.106
FLK,,,,1,.8843329253369993,0,1,4,8,,,1920,1,.025,.30000001,16.3142857143,.9833748960929999,8.232592582702635,89.7375946044922,,,South America,.2638328084752041,,,,,,,,,,,,,,.43149176,.83332443,South America,1,0,0,0,1,0,,266.15591,.96702617,67.775581,8052.8359,16.043058,134.30887,1464.0048,8.0957251,88.245697,738.77307
FRA,48.3,,11,1,.9038084952231183,.017370019097216,1,4.9384379,6.9725676,10.023392,100.46838,1949.4152,1,.025992699,.30077004,10.46691345124746,.7636184861178488,9.582001933557908,74.32228160510086,France,0,Europe,1.097683519238313,93.400002,.67000002,.0080000004,.025,.071000002,.001,50.189999,29,41,2.84,16.02,74.26000000000001,9,.099248208,.96758318,Europe,1,0,0,.013295026,.95723557,.042764418,0,109.55627,.58311319,91.814758,5523.8018,7.9927287,100.29398,777.92487,7.3169937,56.753868,712.15625
FRO,,,,0,0,0,1,3,7,,,1100,0,.2,.40000001,18.19635890769999,.5159332321700001,1.647435903549193,76.76473999023435,Faeroe Islands,0,Europe,2.253063961269814,,,,,,,94.790001,,,,,,,,,Europe,0,0,0,1,0,1,,331.10748,.2661871,2.714045,5892.8252,9.3881063,29.977335,1396.8387,.84996694,39.60548,126.46499
FSM,,86.8,,0,,,1,3,5,7.6079555,57.880985,1903.5707,0,.025,.1,,,,,"Micronesia, Fed. Sts.",0,Oceania,1.353353279360606,,.53899997,.34,.052000001,0,0,56.82,0,0,,,,,,,Oceania,0,0,.87141359,.12858643,1,0,0,,,,,,,,,,
GAB,64.59999999999999,33.1,8,0,.0040053997030002,1,.6387499,1.0077016,7,8.2900057,68.724197,1900.1985,0,.11648973,.072906241,5.762860488937334,.9306302836170046,24.82081160635685,168.9094822928356,Gabon,0,Africa,.217507619106437,1,.57499999,.17200001,.161,.046,0,70.019997,0,0,6.21,3.72,37.53,-4,.7708956,.16585337,Sub-Saharan Africa,0,.40497836,0,.97033119,.17749643,.78808784,.26451385,33.21056,.86607271,616.07269,28530.414,5.3630924,143.03888,973.40179,23.098999,157.19228,4192.4702
GBR,53.5,,18,1,.7864137080376581,.007799259311966,1,3.9870012,6.9740024,10.092075,101.84998,1949.74,1,.025974907,.3012999,4.966655134046761,.9610170327446519,9.189073353356418,73.41372916381366,United Kingdom,0,Europe,.5684037130962595,94.599998,.093000002,.52200001,.205,.02,.011,42.869999,19,29,.99,17.45,71.70999999999999,10,.0015740081,.94961613,Europe,1,0,0,.012998765,0,1,.044801064,24.667664,.92355376,84.439072,5389.5757,4.7730403,45.638958,364.62067,8.8308563,70.551842,674.60413
GEO,54.7,40.8,7,.96897614,.6030326564568785,.1907850932790688,1,2.9384971,6.1113195,6.473516,41.90641,1869.0111,.96897614,.028951177,.34971514,28.96788228510581,.4603490268496056,9.024948431333172,47.11212773949942,Georgia,1,Asia,3.658702056205497,3,.011,.0049999999,.025,.193,0,33.75,4,0,21.93,13.04,55.71,5,.497704,.98723,Asia,.89744323,.00010455866,0,.99996912,.18229429,.81770575,0,839.13818,.21192123,81.449692,2219.5525,13.335337,261.43365,1364.7385,4.1546264,21.688023,425.18451
GGY,,,,,,,,,,,,,,,,,,,,Guernsey,,,,,,,,,,,,,,,,,,,,,,,,,,,,,,,,,,,,
GHA,72.59999999999999,44,9,0,.6851841426429806,1,1,2.5160768,6.9410043,5.522543,30.49848,1907.2301,0,.092380419,.089990869,5.965817668900391,.8904543986057586,26.24150961871297,96.69225610759746,Ghana,0,Africa,.2275492109012409,0,.094999999,.178,.28,.197,0,93.300003,3,0,35.27,9.02,39.32,2,.63634908,0,Sub-Saharan Africa,.059505306,0,0,.34699529,.0029491484,.88594544,0,35.590981,.79290903,688.61682,9349.3926,5.3122888,156.55206,576.84839,23.366867,86.100044,2537.3508
GIB,,,,1,.8420843402120001,.5231213730798862,1,4,7,,,1950,1,.025,.30000001,14.44224592355718,.8559133597719188,13.27979454336151,51.29986743779738,,,Europe,7.81125468102962,,,,,,,,,,,,,,.30089742,.9817127,Europe,1,0,0,0,.52312136,.47687861,,208.57846,.7325877,176.35294,2631.6765,12.361311,191.79005,740.88531,11.366354,43.908241,681.25171
GIN,78.90000000000001,25.4,9,0,.5442948488087733,1,1,2.3109133,7.299943,5.938683,35.267956,1917.4929,0,.071056105,.25640646,11.07173359300568,.6563526439940871,26.18442211650201,137.0368377865712,Guinea,0,Africa,.7397418303467187,0,.016000001,.0089999996,.015,.67299998,0,41.060001,6,0,20.26,3.98,47.24,-1,.62285155,.0042054625,Sub-Saharan Africa,.00010214407,.013713668,0,.9945448,.0094869621,.60451037,0,122.58328,.4307988,685.62396,18779.096,7.2669616,289.90695,1517.2354,17.186214,89.944489,3588.2305
GLP,,,,0,.8298465829849996,1,1,4,7,,,1950,0,.025,.1,4.821624923639998,.8926794598439998,26.35104179382324,96.39250183105464,,,North America,1.188104111024214,,,,,,,,,,,,,,.63151652,0,North America,0,0,0,1,0,1,,23.248068,.79687661,694.37738,9291.5146,4.3041654,127.05484,464.76849,23.523033,86.047607,2540.0427
GMB,70.8,21.3,2,0,.8513414241433631,1,1,2.7751975,6.9430799,5.7678738,33.268368,1920.3162,0,.03318226,.2753033,10.28781321582929,.5669946534418188,26.6025278775776,108.6193488045602,"Gambia, The",0,Africa,.3530217645657253,.5,.024,.0049999999,.0099999998,.86900002,0,47.990002,0,0,35.8,5.43,51.13,-5,.66925752,.064103015,Sub-Saharan Africa,0,.022573674,0,1,0,1,0,105.8391,.32148293,707.69452,11798.163,5.8331351,273.68182,1117.4556,15.083491,61.58659,2889.5493
GNB,59.8,19.9,,0,.8365742133132428,1,1,1.6620433,6.6168737,5.0611238,25.614975,1926.6726,0,.054752417,.25003049,12.39845139275658,.809479612465098,25.2829456491332,148.6018476401737,Guinea-Bissau,0,Africa,.4910145873295653,3,.105,.0049999999,.017000001,.39899999,0,56.16,2,0,56.44,10.5,30.57,5,.66003501,.055686578,Sub-Saharan Africa,0,.18027057,.0070219445,.99297804,.009649964,.91819376,0,153.7216,.65525723,639.22736,22082.51,10.036294,313.46936,1842.4327,20.466028,120.29017,3757.0925
GNQ,33.8,,5,0,0,1,.89710325,1.2265121,6.5884128,7.9353514,62.969803,1917.1908,0,.10065085,.092282742,6.336979403803286,.9240796679956998,24.89200749841328,187.5522686440953,Equatorial Guinea,0,Africa,.5594912096810208,5.75,.829,.02,.037,.041000001,.001,123.42,0,0,9.82,1.42,4.25,-5,,,Sub-Saharan Africa,0,.849684,.10289677,.79420644,.0065085404,.7669794,.23805504,40.157307,.85392326,619.61206,35175.852,5.8558741,157.74014,1188.5149,23.002197,173.31323,4668.5522
GRC,40.8,24.4,6,1,.4418034072645805,.839481166417077,1,3.9629021,6.9092784,9.2588444,85.726196,1939.2191,1,.025,.30479729,30.81199268496817,.7422970465984751,14.2531201765539,61.31899030889683,Greece,0,Asia,3.102582078825365,100,.0040000002,.001,.02,.033,0,36.02,6,15,6.59,11.12,72.45999999999999,10,.32856625,.94307542,Asia,1,0,0,.99173713,.87698221,.12301777,0,949.37891,.55100489,203.15143,3760.0186,22.871651,439.16702,1889.3602,10.580049,45.516907,873.98694
GRD,,57.3,,0,.8298465829850001,1,1,4,7,8.3058329,68.986862,1950,0,.025,.1,4.82162492364,.8926794598439998,26.35104179382323,96.39250183105466,Grenada,0,North America,2.088413396383799,,.56,.35499999,.057,.003,.0070000002,66.809998,0,0,7.28,6.51,70.48999999999999,,.63151652,0,North America,0,0,0,1,0,1,0,23.248068,.79687661,694.37738,9291.5146,4.3041654,127.05484,464.76849,23.523033,86.047607,2540.0427
GRL,,,,0,0,0,0,1,3,,,1910,0,.2,.025,13.7605820106,.4764011799410002,-9.158169746398926,21.37385559082032,Greenland,0,North America,.41030600936627,,,,,,,59.740002,,,,,,,,,North America,0,,0,1,1,0,,189.35362,.22695808,83.87207,456.84171,6.5555577,-126.02174,294.1167,-4.3629627,10.18253,-195.74539
GTM,41.8,44.2,7,.000024888725,.4055137936292647,1,.99923575,1.9998233,7.0606108,7.454464,55.569035,1929.7628,.000024888725,.029560022,.10594957,27.50191850208384,.6278273195808867,20.81783878458615,196.320104890603,Guatemala,0,North America,1.80738051814205,21.965,.77399999,.090000004,.113,0,0,38.810001,12,3,,,,8,.58496416,.085598513,North America,.000024888725,0,0,.93976885,.73140532,.268585,0,756.35553,.39416716,433.38242,38541.582,17.266457,572.53052,5399.1797,13.070008,123.25513,4086.9602
GUF,,,,0,.3598159599721542,1,.69935924,3.0677829,6.7497768,,,1896.6599,0,.052257489,.077451944,6.487889992409363,.9093315751201894,25.88519055340569,128.7044827752036,French Guiana,,South America,.2053150638495524,,,,,,,,,,,,,,.63109142,0,South America,0,.058145259,.30586907,.69222564,.11743394,.88066077,,42.092716,.82688391,670.04309,16564.844,5.8996434,167.94026,835.02051,23.538221,117.03505,3331.54
GUM,53,,,0,,,1,2,7,,,1950,0,.025,.2,,,,,Guam,0,Oceania,.6663498062352567,,,,,,,,,,,,,,,,Oceania,0,0,0,0,1,0,,,,,,,,,,,
GUY,44.4,58.3,19,0,.2277654833596942,1,.80202776,3.4060833,6.8590598,6.8651562,47.130371,1941.9155,0,.051218558,.085152082,4.795747323795476,.9061307028017145,26.38150772884442,115.0136938809594,Guyana,0,South America,.2725673688064686,1.3000001,.101,.285,.114,.081,.32499999,150.28,0,0,31.09,8.15,39.88,6,.62251228,0,South America,0,.03689995,.16167884,.82951933,.13916163,.83334678,0,22.999193,.82107288,695.98395,13228.149,4.3455739,126.51904,551.5766,23.905094,104.21744,3034.2346
HKG,,,,,,,,,,,,,,,,,,,,Hong Kong SAR,,,,,,,,,,,,,,,,,,,,,,,,,,,,,,,,,,,,
HND,44.4,43.3,9,.006933107,.3188420483638074,.9931399798404644,.87061036,1.071602,6.9920545,6.8320765,46.677269,1945.6022,.006933107,.10236233,.034164689,25.99657945967431,.5879662653041848,22.30462511270655,145.9264835891484,Honduras,0,North America,2.150365982206051,46,.84500003,.056000002,.068999998,.001,0,103.18,1,3,15.88,22.69,51.66,7,.58928728,.07436268,North America,.0068600201,.38972813,.028768321,0,.15299599,.050267097,0,675.82214,.34570432,497.49631,21294.539,15.285111,579.84393,3793.5894,13.114367,85.79985,3254.8354
HRV,45.1,33.5,,1,.8115782573593757,.0223215741456012,1,4.0001554,7.997479,8.3169518,69.171684,1949.8287,1,.025,.39949581,22.4036916346167,.8893747902898792,10.76372855860663,64.27094430258911,Croatia,1,Europe,1.267474474417083,99.550003,.88499999,.0060000001,.0060000001,.023,0,57.779999,6,1,8.380000000000001,20.27,63.24,8,.42907044,.97749817,Europe,1,0,0,.99984461,.00015537263,.99984461,0,501.92538,.79098749,115.85785,4130.7544,19.925278,241.14726,1439.9064,9.5729885,57.160957,691.79498
HTI,56.4,,4,.0030647451,.9230862019246434,1,1,4,7,6.1837087,38.238255,1930.0613,.0030647451,.025,.20030648,27.46172908942028,.4247610369220118,23.25579315262772,115.2068009221339,Haiti,0,North America,2.361944211789113,2.5,.73799998,.146,.074000001,0,0,36.950001,3,0,,,,-2,.62350887,.14485809,North America,1,0,0,0,1,0,0,754.14655,.18042193,540.83191,13272.607,11.664673,638.64429,3163.7781,9.8781548,48.93536,2679.2256
HUN,41.1,42.4,8,1,.9389312961377028,.0024938815770484,1,3.9970534,6.9980125,8.4546223,71.480637,1939.4337,1,.025136448,.20135762,9.109647073426194,.9597159595457307,11.05625092026526,50.83893666537286,Hungary,1,Europe,.3464060858524403,99.300003,.60900003,.236,.02,.0060000001,0,126.06,8,18,5.4,23.48,62.43,10,.54509789,.9881264,Europe,1,0,0,.99034548,.00063787535,.99936211,0,82.985672,.92105472,122.24068,2584.5974,8.7426739,100.71854,463.12476,10.610861,48.790939,562.08801
IDN,50.6,42.8,,.87255126,.0487108851548138,1,.96123314,3.9155316,7.2647095,6.6846633,44.684723,1942.0996,.87255126,.045368977,.19063112,14.90433736925795,.8195298752810616,24.98648718160071,223.0105847487523,Indonesia,0,Asia,.9671950269565491,0,.027000001,.057,.046999998,.54699999,.033,66.050003,29,0,15.6,27.75,38.47,6,.57831961,.042584807,Asia,.87396091,.028299354,.054305345,.27799475,.64093578,.35789788,.0068091643,222.13927,.67162919,624.32452,49733.723,12.21455,372.40704,3323.825,20.477173,182.76384,5572.251
IND,33,9.1,9,.86648399,.630848755131353,.9999999985863207,.88110393,3.5085928,6.6610441,6.1158533,37.40366,1920.6897,.86635536,.042085178,.1936897,8.750638121692591,.8967991879279934,25.22040614139472,97.0716872862903,India,0,Asia,1.012652021038878,0,.013,.015,.030999999,.121,.77100003,20.41,23,7,23.35,15.6,50.46,9,.52605796,.33953312,Asia,.86370873,.0067082723,.0057883584,.91522598,.13152237,.74936777,.0007765452,76.573669,.80424881,636.06891,9422.9121,7.8475652,220.69464,849.43921,22.61764,87.05381,2448.1875
IRL,47.2,41.6,9,1,.8040668593206736,.0008609363648647,1,3.9985652,6.9971304,10.137414,102.76716,1949.9713,1,.025107617,.30014351,4.916392988888203,.9605936811898675,9.18986424937267,73.09132785120019,Ireland,0,Europe,.5130054647075016,99.885002,.847,.044,.079999998,.0020000001,0,133,0,0,3.49,32.42,55.16,10,.0017267193,.95200795,Europe,1,0,0,.0014348938,0,1,0,24.170919,.92274022,84.453606,5342.3423,4.7226563,45.180984,359.3457,8.8277254,70.211067,671.6994
IRN,28.5,,8,.82404613,.3078741615932213,.9811441390511226,1,4.2816825,5.4281225,7.3720889,54.347694,1709.204,.82404613,.038196538,.40225336,26.02940223903057,.7345534038748991,15.17400012288033,20.70339378609406,"Iran, Islamic Rep.",0,Asia,2.445289035491376,0,0,0,.0020000001,.95599997,.001,42.099998,21,11,13.72,13.16,49.53,3,.16950451,.85522425,Asia,.79823261,.0011388748,0,.94020998,.2910642,.7089358,.060339984,677.52979,.53956872,230.25027,428.63052,19.119986,394.97015,538.89697,11.146113,15.207748,314.15329
IRQ,12.6,6.8,35,.99461615,.0385875559209219,1,1,3.85957,6.4277434,,,-1446.9354,.99461615,.025403788,.23022798,6.074940170825355,.8367524766164206,22.30283205832582,7.745309589006975,Iraq,0,Asia,.6703619977909338,0,.012,0,.015,.95999998,0,131.44,16,14,5.36,.91,10.26,-9,.12632623,.69547176,Asia,.99461615,.000058112957,0,.14037219,.99994224,0,.11390136,36.9049,.70015472,497.41632,59.989822,5.0832214,135.48837,47.052292,18.661949,6.480907,172.74234
ISL,75.59999999999999,,35,0,0,0,1,3,7,10.332169,106.75371,1100,0,.2,.40000001,18.19635890769999,.5159332321700006,1.647435903549191,76.76473999023408,Iceland,0,Europe,1.472476883313641,,.0099999998,.89099997,.07,0,.001,51.630001,0,0,8.58,13.94,65.37,,,,Europe,0,0,0,1,0,1,0,331.10748,.2661871,2.714045,5892.8252,9.3881063,29.977335,1396.8387,.84996694,39.60548,126.46499
ISR,49.3,,5,.99993461,.209043265487775,.9976401526318983,1,3.0323002,6.9987073,9.8181133,96.395348,304.64999,.99993461,.12976848,.30022246,19.89979712545663,.6311602258349051,18.67532835063317,18.6980269589062,Israel,0,Asia,1.705330822656503,30.69846,.027000001,.0040000002,.017999999,.12,0,55.380001,1,8,,,,10,.22792278,.91796231,Asia,.99993461,.000065554559,0,1,.36371082,.63622379,0,396.00192,.39836323,348.76788,349.61621,12.55996,371.63525,372.08694,11.787125,11.801451,349.1918
ITA,35.3,,6,1,.5903142848653071,.9743327267309687,1,4.7414494,7.2378349,9.8662548,97.342987,1256.6156,1,.025,.17980686,24.7424910882918,.4960860965723135,14.16907860463915,69.57008835508438,Italy,0,Europe,2.457955223081423,99.800003,.79799998,.0070000002,.014,.012,0,43.68,13,33,2.8,20.96,68.78,10,.37494713,.96236902,Europe,1,0,0,.010069843,.98577619,.014223809,.0015245907,612.19086,.24610141,200.76279,4839.9971,12.274405,350.57831,1721.3373,7.0290828,34.512753,985.74408
JAM,59.4,38.2,12,0,.8298465829849989,1,1,4,7,8.0391769,64.628365,1950,0,.025,.1,4.821624923639994,.8926794598440003,26.35104179382324,96.39250183105469,Jamaica,0,North America,1.787927630236411,8,.043000001,.289,.50800002,.001,.012,51.400002,0,0,7.04,10.6,67.43000000000001,9,.63151652,0,North America,0,0,0,1,0,1,0,23.248068,.79687661,694.37738,9291.5146,4.3041654,127.05484,464.76849,23.523033,86.047607,2540.0427
JOR,21.6,13.1,,.98509747,.1385391896402321,.9985820510522162,1,3.4860432,6.9090657,7.4750595,55.876514,1946.0376,.98509747,.026450956,.30760261,17.45708174654426,.4327792346563329,20.86747313373803,9.554809716679602,Jordan,0,Asia,1.096743720775841,1,.0070000002,.003,.012,.935,0,76.75,1,3,2.35,15.66,72.11,-2,.16245855,.90734988,Asia,.98509747,.014902543,0,.9999941,.47986582,.50523162,0,304.74969,.18729787,435.45145,91.294388,7.5550623,364.28519,166.79909,9.0310087,4.1351233,199.38474
JPN,49.2,,5,1,.2648820588777697,.2877357031128949,1,4.9857063,7.9928532,10.509132,110.44186,1950,1,.025,.10071468,31.25429937506512,.6437720127586989,12.64681996992227,176.0893809861157,Japan,0,Asia,2.132432074675637,0,.0040000002,.0060000001,.028000001,.001,0,18.4,8,25,1.77,22.19,65.81999999999999,10,.26434273,.915999,Asia,1,0,0,1,0,1,0,976.83124,.41444239,159.94206,31007.471,20.120644,395.26749,5503.5503,8.1416683,113.36141,2226.9707
KAZ,64.7,34.4,10,.32389224,.8750759559266346,0,1,4.3237505,3.6194189,7.1139593,50.608418,1903.9436,.32389224,.075996868,.63637745,6.027371620431038,.8787318425861825,3.545715191565968,22.35936710234611,Kazakhstan,1,Asia,.3724780205611157,41.900002,.030999999,.0020000001,.046999998,.42699999,0,75.730003,0,0,8.69,17.66,50.85,-4,.37494797,.74749571,Asia,.32005915,.9996171,0,.68030614,.31969389,.68030614,.049491044,36.329208,.77216965,12.572096,499.94128,5.2964435,21.371344,134.76822,3.1157329,19.647888,79.279945
KEN,75.2,37.1,4,.033605676,.7570657577907745,1,.83282185,1.6137407,4.7187405,6.0258574,36.310959,1926.8452,.026779039,.15157919,.2810815,14.55741779408215,.8219817934567739,20.59709945321553,75.6706836856755,Kenya,0,Africa,.6690699428231338,0,.221,.29499999,.255,.072999999,.0080000004,38.130001,0,0,32.36,11.62,50.72,-2,.57882887,.28200519,Sub-Saharan Africa,.53259194,.0083935633,0,.99829119,.20683739,.32434323,0,211.91841,.67565405,424.24051,5726.0522,11.965933,299.84058,1101.5697,16.930441,62.199924,1558.5966
KGZ,56.2,60.4,1,.048821338,.789244218701874,.0077581355648922,1,4.0252304,2.2126517,5.6299887,31.696772,1888.1688,.048821338,.096387565,.77102429,6.155595178882571,.8237298617431635,3.481215045669338,16.47587778890931,Kyrgyz Republic,1,Asia,4.287271003379101,14.999999,0,.0060000001,.02,.60799998,0,77.32,0,0,36.75,19.46,31.86,-3,.34874016,.59623277,Asia,.040407714,.96764219,0,.9837575,.016242487,.9837575,0,37.891354,.67853087,12.118858,271.45456,5.0705476,21.428951,101.41883,2.8675809,13.571672,57.356075
KHM,75.40000000000001,,8,.96373773,.0699218611431049,1,1,3.7993293,6.7985859,5.6624198,32.063,1949.62,.96373773,.025074279,.10352719,8.413529622116602,.8424825978455251,26.32234152834316,163.6556020425335,Cambodia,1,Asia,.5401807715583612,0,.0020000001,.0020000001,.0070000002,.023,.003,88.849998,13,11,37.84,16.87,39.13,2,.53124636,.00058509596,Asia,.96373773,0,.13087015,0,.90440172,.09559828,0,70.787483,.70977694,692.86566,26783.156,7.0882521,221.46381,1376.9213,22.176115,137.877,4307.7988
KIR,,,5,0,,,1,2,8,6.292418,39.594524,1890,0,.1,.1,,,,,Kiribati,0,Oceania,.0095128113630509,,.486,.40900001,.050000001,0,0,63.869999,0,0,22.49,4.99,65.68000000000001,,,,Oceania,0,0,0,1,1,0,0,,,,,,,,,,
KNA,,57.8,13,0,.8298465829849999,1,1,4,7,8.913763,79.45517,1950,0,.025,.1,4.821624923639999,.892679459844,26.35104179382325,96.3925018310547,St. Kitts and Nevis,0,North America,.0064562741480909,,.117,.76700002,.048,.003,.015,70.199997,0,0,2.74,10.4,68.48,,.63151652,0,North America,0,0,0,1,0,1,0,23.248068,.79687661,694.37738,9291.5146,4.3041654,127.05484,464.76849,23.523033,86.047607,2540.0427
KOR,48.9,19.1,4,1,.4417177914109853,.0370370373129844,1,3,7,9.2950907,86.398712,1950,1,.025,.2,25.16609589039995,.4830339321359998,12.18437480926515,87.36666870117183,"Korea, Rep.",0,Asia,1.959570085921978,0,.068999998,.168,.18000001,.0020000001,0,62.380001,1,13,4.63,28.26,57.31,8,.26893714,.80045801,Asia,1,0,0,1,0,1,0,633.3324,.23332179,148.45898,7632.9346,12.156078,306.63315,2198.678,5.8854666,42.201065,1064.5082
KWT,44.3,,0,.99536288,.1183370859136588,1,1,3.9907258,6.9721775,9.7539921,95.140358,-1981.8225,.99536288,.025347782,.20278226,6.061576661414239,.8613006532965559,22.28891194581533,8.047029180587893,Kuwait,0,Asia,.2453552652273046,0,.089000002,.001,.034000002,.82999998,.029999999,70.5,0,2,.36,2.58,40.48,-7,.11686471,.84704912,Asia,.99536288,.0046371026,0,.0046371026,.99536288,0,1.0660872,36.74271,.74183881,496.79559,64.754677,5.22084,135.10594,48.777683,19.197454,6.9309115,179.35953
LAO,79.5,39.4,21,.59423351,.2064411788337834,.9998773047918028,1,3.4484789,6.4162765,5.8043208,33.69014,1940.2081,.59423351,.062363088,.13953903,17.60203911794898,.628156501976885,24.39579346172788,146.1190647226769,Lao PDR,1,Asia,2.553460473603819,0,.0060000001,.0060000001,.0080000004,.0040000002,.001,49.849998,13,6,52.55,17,24.57,-7,.52406538,.088007279,Asia,.68499011,.17962757,.141862,.27120647,.99269801,.0073019876,0,309.83179,.3945806,595.15472,21350.781,11.056835,429.41571,2571.9934,15.324376,91.785637,3564.6904
LBN,20,33.5,2,.99994493,.7866515415159125,.9724644664580285,1,2.9999895,6.9768305,8.4027557,70.6063,1941.9338,.99994493,.025513692,.39972639,24.74449073250443,.7357359928550542,15.39699337771151,49.07886213985077,Lebanon,0,Asia,4.197076536792228,.5,.373,.0040000002,.028999999,.42399999,0,40.240002,7,1,7.11,13.01,70.13,,.43370587,.98540878,Asia,.99994493,.00631588,0,1,.0057097659,.99423516,0,612.28979,.54130745,237.0674,2408.7346,18.205412,380.99075,1214.4314,11.328122,36.109085,755.66693
LBR,66,53,,.1252645,.1198902259092493,.8747355052116879,1,2.2732973,7.1880884,5.2093511,27.137339,1901.5505,.1252645,.056720845,.12740773,7.680383128021939,.9300324665725971,23.14724202637478,160.2021451103037,Liberia,0,Africa,.2632178845672796,0,.035999998,.111,.257,.16,0,177.75,9,0,72.01000000000001,9.48,16.37,0,.5890758,.14925142,Sub-Saharan Africa,.1252645,0,0,.87473553,.1252645,.22301868,0,58.988285,.86496037,535.7948,25664.727,7.1430058,177.77969,1230.4138,21.527687,148.99319,3708.2378
LBY,22.7,,,.9798553,.2072217189964901,1,1,3.9457171,2.1024337,8.779685,77.08287,1939.49,.9798553,.025080008,.5908196,9.282762956039763,.7076663188403519,19.80627458236311,10.97399176049751,Libya,0,Africa,.4033138708611211,0,.0080000004,.001,.0040000002,.96100003,.001,50.48,4,3,,,,-7,.12486991,.79851109,Africa,.019945065,0,0,.99999225,.016377073,.0046347296,.28716925,86.169685,.50079161,392.28851,120.4285,6.5690985,183.85695,101.86897,14.016233,7.7659245,217.3539
LCA,45.4,32.1,11,0,.829846582985,1,1,4,7,8.3878899,70.356697,1950,0,.025,.1,4.821624923639999,.8926794598439999,26.35104179382325,96.3925018310547,St. Lucia,0,North America,2.146726935822119,,.74299997,.161,.056000002,.0049999999,.0089999996,56.25,0,0,7.06,5.1,73.97,,.63151652,0,North America,0,0,0,1,0,1,0,23.248068,.79687661,694.37738,9291.5146,4.3041654,127.05484,464.76849,23.523033,86.047607,2540.0427
LIE,,,4,1,.8061855670100004,0,1,4,7,,,1950,1,.025,.30000001,4.910156250000001,.9605411499439999,9.189962387084963,73.0513229370117,Liechtenstein,0,Europe,5.328414190328232,,.74199998,.077,.109,.027000001,0,,0,0,,,,,.001744598,.95228791,Europe,1,0,0,0,0,1,,24.109634,.92263931,84.455406,5336.4956,4.7164073,45.124153,358.69342,8.8273373,70.1688,671.33893
LKA,36.5,26.1,5,.9895612,.5310684334545875,1,.9895612,3.9527645,6.9478059,6.7377167,45.396828,1932.2367,.9895612,.027870664,.27113432,10.5961328783973,.9170777899124679,26.76866985174129,124.4734950062386,Sri Lanka,0,Asia,.6500948600406974,0,.067000002,.0080000004,.018999999,.090000004,.11,77.199997,26,0,19.9,16.83,52.82,5,.63934016,.00035936382,Asia,.9895612,0,.010438777,.9895612,.72961092,.27038908,0,112.27803,.84103167,716.56171,15493.651,9.7174778,283.64438,1318.9377,24.548952,114.15188,3331.99
LSO,68.90000000000001,18.4,4,.97786152,.9019160785882997,1,1,4,5.9667902,6.1679697,38.04385,1859.2251,0,.1,.30221385,32.12352006209817,.8565306518286288,14.65568414170195,66.69412558808737,Lesotho,0,Africa,6.202061834696471,0,.375,.177,.359,.001,.001,137.97,0,0,11.68,12.18,59.87,4,.54177737,.84938449,Sub-Saharan Africa,.96679038,.96679038,0,1,0,.022138489,0,1031.9205,.73364478,214.78908,4448.1064,27.51478,470.79218,2142.4502,12.553042,57.125565,977.44806
LTU,54.8,38.7,18,1,.9638597553058861,0,1,4.0030131,7,8.0903559,65.453857,1929.9882,1,.025,.39958167,5.125765389717269,.9597481861508624,6.36040133870724,68.46372425587332,Lithuania,1,Europe,.1750156714052271,100,.83399999,.0099999998,.0080000004,.0020000001,0,81.050003,0,1,6.28,19.34,63.94,10,.022313699,.95049679,Europe,1,.0017366635,0,.99595392,.0027707939,.99722922,0,26.27347,.92111659,40.454704,4687.2817,4.9194441,32.601925,350.92899,6.1043835,65.707932,435.45676
LUX,41.2,,17,1,.8477819053900055,0,1,4.3362503,7,10.742413,115.39943,1950,1,.025,.30000001,6.793575321793609,.8916040438611904,9.309647891743563,73.4507688835195,Luxembourg,0,Europe,.8812678568695973,99.199997,.90200001,.017000001,.015,.0099999998,0,96.970001,0,0,.68,11.3,80.97,,.039503556,.95867169,Europe,1,0,0,0,.33625025,.66374975,0,46.152664,.79495776,86.66954,5395.0156,6.0571795,63.245792,498.99332,8.3005199,65.489006,683.80078
LVA,48.7,46.3,17,1,.9654226036980958,0,1,4.0006723,7,8.102376,65.648499,1931.1982,1,.025,.37614056,5.575002042380921,.9601387498326508,6.917960913390385,66.39997747757887,Latvia,1,Europe,.1544703835269754,100,.19,.21799999,.046999998,.0040000002,0,64.730003,0,3,4.6,13.73,71.83,8,.052913792,.9519037,Europe,1,.00055582146,0,.99932748,.00048970047,.99951035,0,31.080648,.92186642,47.858185,4408.957,5.3527756,38.567646,370.18002,6.6422024,63.753193,459.35245
MAC,,,,,,,,,,,,,,,,,,,,Macau SAR,,,,,,,,,,,,,,,,,,,,,,,,,,,,,,,,,,,,
MAR,27.5,13.1,1,1,.6510618985240287,1,1,3.9442191,5.887372,7.0656347,49.923195,1923.2252,1,.047161594,.3243852,24.446448914277,.6902346611773207,16.97718902682081,23.36135110726584,Morocco,0,Africa,2.412564563362035,8,.001,0,.0049999999,.98299998,0,51.23,2,7,14.94,17.46,55.95,-6,.37828118,.96502477,Africa,.99995327,0,0,1,.81044459,.18955541,0,597.62885,.47642389,288.22495,545.75275,16.873787,415.03198,571.10205,11.718245,16.124815,396.61008
MCO,,,22,1,.8176195839646999,.0880210323161263,1,5,7,,,1866.38,1,.025,.2911979,11.75894396710116,.7324657429290077,9.966224533806725,73.8324058951351,Monaco,0,Europe,6.612056848315743,,.89300001,.029999999,.0060000001,.0040000002,0,,0,0,,,,,.16889702,.96739674,Europe,1,0,0,0,1,0,,138.27277,.53650606,99.32563,5451.2241,8.6130238,117.19228,868.1911,7.2999182,54.079708,735.83032
MDA,55.5,53.1,9,1,.6722949759660954,.9743145620088296,1,4.8553691,7,5.7391639,32.938004,1143.9105,1,.025,.22875166,25.45698134355316,.503027433546641,13.98044064224625,65.617527742684,Moldova,1,Europe,.7992944457264437,99.099998,.017000001,.017999999,.208,.055,0,96.940002,2,0,29.03,16.26,49.25,7,.46706641,.97396493,Europe,1,.0017720674,0,.14985941,.85014057,.14985941,0,648.05792,.25303659,195.45271,4305.6602,12.80556,355.89981,1670.4242,7.0325451,33.007416,917.36194
MDG,84,50,8,0,.6290390499442648,1,1,3.4603827,6.4715776,5.4782586,30.011318,1913.6382,0,.025,.27515146,19.58262794717878,.9435900966942957,21.78169656645998,96.42100155950361,Madagascar,0,Africa,1.169385973442027,.60000002,.204,.245,.046,.02,.001,49.540001,0,0,29.21,12.24,56.56,7,.66518742,.3252342,Sub-Saharan Africa,.79484087,0,0,1,.51089072,.38135487,0,383.47931,.89036226,474.44229,9297.0098,18.477974,426.54285,1888.1766,20.552994,90.981903,2100.2129
MDV,37.5,,,1,.3544494720970002,1,1,4,7,7.6738377,58.887783,1950,1,.025,.30000001,11.294973545,.9409020217730003,26.66973686218263,140.9692993164063,Maldives,0,Asia,.0115505264144984,,0,.001,0,.99199998,.001,79.709999,0,0,,,,,.62828428,0,Asia,1,0,0,1,1,0,0,127.57642,.88529664,711.27484,19872.344,10.627463,301.23398,1592.2445,25.093609,132.63831,3759.614
MEX,38.8,25.7,18,.066933103,.503628329768935,.9811653784539883,.34190309,2.0026572,6.7145686,8.6886187,75.492096,1712.8224,.019857021,.11389665,.094002277,23.28445493260689,.6184073147680756,20.56880756187614,95.45086131844744,Mexico,0,North America,1.732390395038067,30.000002,.89999998,.02,.041999999,.003,0,59.48,41,8,4.17,20.31,67.81,8,.50308502,.3554351,North America,.44514084,.10914974,.078468852,.80873233,.51928276,.46931818,.034525335,542.16583,.3824276,423.07584,9110.8672,14.399278,478.93347,2222.5212,12.719901,59.027512,1963.3104
MHL,,,,0,,,1,2,5,7.650682,58.532936,1900,0,.025,.025,,,,,Marshall Islands,0,Oceania,.0138258331237358,,.059,.75700003,.12,0,0,59.349998,0,0,,,,,,,Oceania,0,,1,0,0,1,0,,,,,,,,,,
MKD,40.8,36.4,8,1,.7073895029633986,.088733471182981,1,3.9516804,7.0789328,7.4871464,56.057362,1904.817,1,.025,.27043805,22.64852063613319,.8722328842489376,10.70012639443925,51.79737169425689,"Macedonia, FYR",1,Europe,2.664513730556946,96.310005,.035,.0040000002,.0060000001,.28299999,0,95.260002,0,0,12.04,20.74,54.25,6,.46181723,.97998798,Europe,1,0,0,.96334088,.037555534,.96244442,0,512.95551,.76079023,114.49271,2682.9678,19.754784,242.34204,1173.1338,9.3330021,45.179371,554.2384
MLI,35.9,58.3,12,.00027142779,.4157705210897953,1,.99625802,2.510699,6.8712621,5.3375015,28.488922,1910.7144,.00027142779,.036795683,.35363564,10.42909693469766,.6155131642973883,26.17612488330483,118.8074125397789,Mali,0,Africa,.1471992861913873,0,.02,.0070000002,.0020000001,.81900001,0,55.77,0,0,41.57,3.81,37.86,6,.64225495,.04141413,Sub-Saharan Africa,.32983327,.00067805056,0,.99180138,.096749566,.54273909,0,108.76606,.37885645,685.18951,14115.201,6.4192467,272.99335,1239.0541,16.11175,73.127525,3109.9177
MLT,29.8,,9,1,.9144215530899997,1,1,5,7,9.2034826,84.704094,1930,1,.025,.2,20.0139616056,.7455968688849999,17.52499961853027,48.96886062622071,Malta,0,Europe,1.527308768738557,99.5,.94499999,.0060000001,.030999999,.0049999999,0,150.71001,0,0,,,,,.41583329,.94593149,Europe,1,,0,1,0,1,0,400.55865,.5559147,307.12561,2397.9492,14.922347,350.74466,980.06091,13.066585,36.511028,858.17926
MMR,67.2,,,.81377661,.2042183972290298,.9999525594246064,1,3.3569064,6.9905095,,,1941.7142,.77490169,.045840696,.17238498,18.99125928410453,.5891514556026489,24.59196809851968,150.9716626237307,Myanmar,1,Asia,1.987709592184744,0,.013,.056000002,.014,.024,.02,,28,0,57.24,7.16,33.07,-7,.58044308,.072074309,Asia,.84004796,.0003077802,.12391026,.16024813,.92407995,.075802594,,360.66794,.34709942,604.76489,22792.443,11.188728,467.03244,2867.1421,14.488394,88.945175,3712.6904
MNE,,,,,,,,,,,,,,,,,,,,Montenegro,,,,,,,,,,,,,,,,,,,,,,,,,,,,,,,,,,,,
MNG,66.8,52,8,.83108628,.2491636503756647,0,1,3.9823275,2.0225742,5.9726243,35.672241,1934.9098,.83108628,.10068651,.78386277,17.34030086199534,.7217579914966207,-.7984164473239455,16.24028411352383,Mongolia,1,Asia,1.057188535598871,1,0,.0080000004,.0040000002,.048,0,105.67,0,2,32.68,4.61,47.01,10,.33884203,.75534505,Asia,.0020573358,.17262347,0,.99942213,.00057785946,.99942213,0,300.68604,.52093458,.63746881,263.74683,12.515501,-13.844782,281.61142,-.57626343,11.721555,-12.96651
MNP,,,,0,,,1,1.5187619,6.5187616,,,1940.4717,0,.025,.11578333,,,,,Northern Mariana Islands,0,Oceania,1.700032648424785,,,,,,,,,,,,,,,,Oceania,0,0,.48123813,0,.51876187,.48123813,,,,,,,,,,,
MOZ,86,24.4,,.0033599997,.9394426561440865,1,.9704603,1.8622652,6.287282,5.3514838,28.638378,1908.0441,6.4586025e-06,.099368677,.1505778,12.17071004262644,.9485865330121074,23.84950151509505,86.11135916526682,Mozambique,1,Africa,.6123746304372567,0,.15800001,.094999999,.132,.105,.0020000001,35.82,14,0,24.01,12.24,51.47,6,.69765848,.18680753,Sub-Saharan Africa,0,.36215976,.20971677,.33206075,0,.69944197,0,148.12619,.89981639,568.79871,7415.166,11.544971,290.26538,1048.0364,22.623316,81.684074,2053.7129
MRT,55.6,17.3,4,.84795982,.0759169491710049,1,1,3.805526,2.5057929,6.0133104,36.159901,1946.3812,.84795982,.091037981,.6607222,5.725045819740426,.5969720233945438,25.6532783050488,15.75664362218223,Mauritania,0,Africa,.1149094569708625,0,.0020000001,0,.001,.991,0,74.809998,0,0,27.65,8.99,42.61,-6,.69956905,.17379184,Sub-Saharan Africa,.000024455221,0,0,1,.050589867,.94940519,0,32.77615,.3563756,658.0907,248.27182,3.4176922,146.8662,90.207504,15.314289,9.4062757,404.20956
MSR,,,,0,.829846582985,1,1,4,7,,,1950,0,.025,.1,4.82162492364,.8926794598440001,26.35104179382325,96.39250183105469,,,North America,3.394683877995088,,,,,,,,,,,,,,.63151652,0,North America,0,0,0,1,0,1,,23.248068,.79687661,694.37738,9291.5146,4.3041654,127.05484,464.76849,23.523033,86.047607,2540.0427
MTQ,,,,0,.829846582985,1,1,4,7,,,1950,0,.025,.1,4.82162492364,.892679459844,26.35104179382325,96.3925018310547,,,North America,1.206106903372988,,,,,,,,,,,,,,.63151652,0,North America,0,0,0,1,0,1,,23.248068,.79687661,694.37738,9291.5146,4.3041654,127.05484,464.76849,23.523033,86.047607,2540.0427
MUS,40.6,16.9,8,0,.4566473988440002,1,1,3,7,8.2336712,67.793343,1951,0,.025,.30000001,23.45945945950001,.938291139241,20.39649200439453,122.4355239868164,Mauritius,0,Africa,.9490317544948845,16,.241,.075000003,.011,.169,.44,79.650002,0,0,6.97,23.48,62.06,10,.43797469,.38630539,Sub-Saharan Africa,1,0,0,1,0,1,0,550.34625,.88039029,416.01688,14990.458,22.011803,478.49069,2872.2712,19.137848,114.88017,2497.2551
MWI,75.8,23.9,8,0,.9416859656946737,1,.87675679,1.8992091,5.5287166,5.0202246,25.202654,1910.9556,0,.10483959,.10337955,12.21176840695384,.9227327191911814,22.68794330887244,115.6844793585271,Malawi,0,Africa,1.027220021310729,0,.24699999,.21699999,.30399999,.148,.0020000001,52.25,0,0,39.54,12.88,42.54,6,.72945923,.36483717,Sub-Saharan Africa,.021754175,0,.72334552,.071617842,.015744356,.29033023,0,149.12729,.85143566,514.7428,13382.898,11.268198,277.05991,1412.712,20.934908,106.74586,2624.6428
MYS,44.3,13.1,,.64556849,.0034258318608967,1,.80093241,2.3499253,6.1657648,8.2757397,68.487869,1943.9984,.59933835,.04899402,.1584934,17.14389216937516,.6604713316764441,25.27306884742275,237.9541781406339,Malaysia,0,Asia,1.008728606841037,0,.033,.039000001,.011,.477,.072999999,192.12,0,0,.86,30.86,50.82,3,.5388366,.016794398,Asia,.64784998,.20148355,.048653487,.6706419,.13543534,.86456466,.034580957,293.91302,.43622237,638.72803,56622.191,11.32305,433.27878,4079.4607,16.692137,157.16191,6013.8325
MYT,,,,0,.9542857142859998,1,1,4,6.5,,,1915,0,.025,.34999999,7.38624338624,.9725609756099999,25.3708324432373,96.07638549804685,Mayotte,0,Africa,2.67337096889947,,,,,,,,,,,,,,.65552539,.0048054028,Sub-Saharan Africa,0,0,0,1,0,.5,,54.556591,.94587487,643.67914,9230.6719,7.1835723,187.39514,709.64355,24.674681,93.44014,2437.5378
NAM,48.5,33.4,22,.1006453,.5564388070614048,1,.91572428,2.7239301,4.0799665,7.4965854,56.198792,1900.3947,.1006453,.1427402,.34921923,8.689393092556585,.9503565783203503,21.40466140378213,78.43619638678524,Namibia,1,Africa,.9133928547602025,10.85,.177,.493,.252,0,0,73.43,4,0,11.82,12.83,60.22,6,.79649663,.058094922,Sub-Saharan Africa,.07512214,.9128986,0,.95626462,.082022242,.2132601,0,75.505554,.90317762,458.15952,6152.2368,8.2580223,185.99352,681.56293,20.34206,74.542358,1678.9003
NCL,45.7,,,.032405581,.1279159303826862,1,1,2.1000879,7.0324054,9.4398775,89.11129,1871.7322,.032405581,.025,.10302523,22.83936769741115,.9810491800946943,21.90637472006102,189.1904865227679,New Caledonia,0,Oceania,1.585659757079299,,,,,,,56.970001,,,,,,,.45124635,.19548523,Oceania,.83358759,0,0,.96759439,.54194152,.45805851,,521.63672,.96245748,479.88925,35793.039,22.406544,500.32776,4320.9912,21.49123,185.60518,4144.4775
NER,38.1,17.6,1,.0070093232,.5319748139356886,1,1,2.7433522,4.2526102,5.028028,25.281065,1926.2939,.0070093232,.040615629,.54058623,5.22493480267862,.7472462297523021,26.8225658849116,51.46755656029831,Niger,0,Africa,.1782694374455953,0,.0020000001,.001,.0020000001,.90700001,0,37.709999,0,0,37.84,6.79,44.4,5,.64134741,.0011879753,Sub-Saharan Africa,.1651665,.33686197,0,.99964464,.2132111,.34957254,0,27.299944,.55837691,719.45001,2648.9094,3.9043128,140.14616,268.91464,20.04306,38.458939,1380.4919
NFK,,,,1,.884332925337,0,1,4,8,,,1920,1,.025,.30000001,16.3142857143,.983374896093,8.232592582702637,89.73759460449219,,,Oceania,1.15387367342509,,,,,,,,,,,,,,.43149176,.83332443,Oceania,1,0,0,0,1,0,,266.15591,.96702617,67.775581,8052.8359,16.043058,134.30887,1464.0048,8.0957251,88.245697,738.77307
NGA,38.3,20,,0,.747452221967645,1,1,2.9783299,6.609148,5.9095473,34.922749,1934.2188,0,.047487535,.1779307,6.895477748341261,.8404636395066184,26.03852949657054,111.8424827745714,Nigeria,0,Africa,.3123664899240141,0,.085000001,.21600001,.156,.43900001,0,64.580002,15,0,,,,4,.64926749,.00099429255,Sub-Saharan Africa,.39440858,.040472392,.0033965567,.98288178,0,.90055221,.017494891,47.547615,.70637912,678.005,12508.741,5.7953982,179.5481,771.20734,21.884438,93.999542,2912.2139
NIC,38,61.9,10,0,.2752660542491381,1,1,2.1131554,6.9765639,6.6846371,44.684372,1922.2246,0,.18790177,.1,15.96642000822985,.7902961362338364,23.05004889164039,187.3720007494997,Nicaragua,1,North America,.9922412826711807,51,.824,.098999999,.039999999,0,0,62.240002,11,1,20.89,17.03,50.89,8,.60276794,.018448157,North America,0,.15802138,.92584521,.062436756,.011718044,.98828197,0,254.92657,.62456799,531.30475,35108.266,12.6182,368.02676,2991.6602,18.216364,148.07936,4318.9336
NIU,,,,0,,,0,2,7,,,1840,0,.025,.025,,,,,,,Oceania,.1768558789939788,,,,,,,,,,,,,,,,Oceania,0,,0,1,1,0,,,,,,,,,,,
NLD,53.2,,36,1,.8061855670100057,0,1,4,7,10.096997,101.94936,1950,1,.025,.30000001,4.910156250000017,.9605411499440021,9.189962387084963,73.05132293701188,Netherlands,0,Europe,.0365031198635005,95.950005,.345,.27000001,.19,.037999999,.0060000001,117.22,1,5,2.64,15.55,72.41,10,.001744598,.95228791,Europe,1,0,0,0,0,1,0,24.109634,.92263931,84.455406,5336.4956,4.7164073,45.124153,358.69342,8.8273373,70.1688,671.33893
NOR,61.4,,36,.9886688,.7575181885678383,0,1,3.9660263,6.9320126,10.523112,110.73589,1949.9905,.9886688,.026982961,.3033033,5.029907749181261,.9605148269087902,9.084496984534189,72.53795394372629,Norway,0,Europe,2.409123540573434,100,.0099999998,.89700001,.035999998,.0099999998,0,56.119999,0,1,2.1,10.61,55.95,10,.0099024791,.95289624,Europe,.9886688,.000019887491,0,.012291836,.011351074,.98864895,.7448135,25.299973,.92258871,82.528084,5261.7549,4.8313007,45.694183,364.85922,8.7257938,69.673782,658.97083
NPL,59.9,27.4,6,.90965909,.3930032476375941,1,.91112345,3.4744241,6.6237655,5.4146075,29.317974,1938.6565,.90965909,.034750529,.23889598,19.65011543125312,.6491752406418895,18.81357199456687,116.2509281884054,Nepal,0,Asia,5.042514984235151,0,0,.001,.023,.039000001,.76700002,43.259998,7,0,40.82,9.44,37.05,6,.46764249,.62893355,Asia,.90268934,.0015966811,.0014547736,.99854523,.17066008,.74046338,0,386.12704,.4214285,353.9505,13514.278,12.756369,369.68887,2284.3442,12.213305,75.467224,2187.0952
NRU,,,,0,,,0,2,5,,,1900,0,.025,.025,,,,,,,Oceania,.3112438990390589,,,,,,,,0,0,,,,,,,Oceania,0,,1,0,0,1,,,,,,,,,,,
NZL,56.9,,29,0,.8181818181819932,1,0,2,7,9.5217867,90.664421,1820,0,.1,.025,14.9315789474,1,14.24333381652834,107.6983337402343,New Zealand,0,Oceania,2.038175370291672,80.599998,.12800001,.45500001,.25,.0020000001,.0060000001,52.82,0,7,8.92,16.87,65.81,10,.041431263,.76313037,Oceania,0,0,0,1,0,1,0,222.95206,1,202.87256,11598.931,14.931579,212.67546,1608.1062,14.243334,107.69833,1533.9833
OMN,23.4,,,.99992967,.0310014863930769,1,1,3.9692798,6.8458858,9.0040426,81.072784,-1619.5194,.99992967,.025005274,.21581532,8.047623564704068,.8183249949031448,22.201354694528,9.610715155766362,Oman,0,Asia,1.10861487397208,0,.021,.003,.017999999,.87400001,.064000003,82.800003,3,1,1.96,5.43,40.8,-9,.12543406,.67216891,Asia,.96919125,0,0,.096324734,.9037388,.096261196,.37838823,64.764244,.6696558,492.90015,92.365845,6.5855713,178.66815,77.343414,18.167923,7.8646884,213.3709
PAK,16.1,6.7,,1,.2658076333927839,.9998711427987167,1,4.5482678,7.251152,6.2747669,39.3727,1947.6705,1,.026750607,.24981204,12.00131923402891,.6805373883676159,20.57516348817854,55.41855460610954,Pakistan,0,Asia,1.948522287015347,0,.0070000002,.012,.0049999999,.96100003,.012,26.9,13,6,25.93,14.68,50.74,-6,.41458741,.61315286,Asia,.93475938,0,0,1,.022629522,.97737044,0,144.03166,.46313113,423.33734,3071.2163,8.167346,246.92911,665.09576,14.002168,37.714397,1140.2458
PAN,45.2,24.7,,0,.0259713082365516,1,.89247322,2.7089324,6.6481032,8.278739,68.537521,1947.2592,0,.077569649,.063314661,11.45455492689285,.8827573988961555,25.69576345118901,169.4593897082215,Panama,0,North America,1.53955371280761,45.200001,.73299998,.096000001,.052000001,.044,.003,36.470001,0,0,7.24,10.06,73.62,9,.57113588,0,North America,0,.11064506,.38161108,.44244045,.17594849,.8240515,0,131.20683,.77926064,660.27228,28716.484,10.111593,294.33353,1941.0819,22.683125,149.59154,4354.3882
PCN,,,,1,.8843329253370001,0,1,4,8,,,1920,1,.025,.30000001,16.3142857143,.9833748960930001,8.232592582702637,89.73759460449219,,,Oceania,.4036140424499537,,,,,,,,,,,,,,.43149176,.83332443,Oceania,1,0,0,0,1,0,,266.15591,.96702617,67.775581,8052.8359,16.043058,134.30887,1464.0048,8.0957251,88.245697,738.77307
PER,54.4,28.7,11,.04158261,.0474159740100432,1,.88202709,4.1765499,6.8361511,7.627255,58.175018,1615.5,0,.12986283,.16967633,22.84269281428744,.6551442941803212,18.06031256400608,162.0523565579771,Peru,0,South America,1.347159330559842,28.042501,.90499997,.037999999,.029999999,0,0,27.1,21,7,8.5,15.81,61.61,5,.44438946,.14695023,South America,.76111519,.95581537,.030406987,.89733922,.79709744,.085858978,.0038333717,521.78864,.42921406,326.1749,26260.967,14.96526,412.54617,3701.7122,11.83211,106.16768,2926.7163
PHL,48.6,69.40000000000001,12,.33655527,.0415218907681927,1,1,2.3526459,6.5888872,6.9096856,47.743755,1941.8479,.33366668,.076715626,.10361932,25.89536385613766,.9810022505609962,24.97095554332008,202.0065693759476,Philippines,0,Asia,2.028052660395121,0,.72600001,.032000002,.14,.061999999,0,101.18,41,12,15.76,22.23,51.97,8,.40496174,0,Asia,.46781808,.078591704,.36302298,.15331681,.97392833,.026071718,0,670.56989,.96236539,623.54865,40806.652,25.40341,646.63196,5231.0337,24.496563,198.1689,5044.2969
PLW,,,0,0,,,1,3,7,,,1940,0,.025,.1,,,,,Palau,0,Oceania,.4752138813582658,,,,,,,112.81,0,0,3.92,1.43,80.81999999999999,,,,Oceania,0,0,0,0,1,0,0,,,,,,,,,,
PNG,71.3,,2,0,.0393292867571766,1,.99379563,1.0189598,5.8515944,6.4698896,41.85947,1934.3357,0,.10996961,.1143961,22.68897089817935,.8917783996505113,22.53415767213013,257.2029709471354,Papua New Guinea,0,Oceania,1.589492384118157,0,.248,.523,.18000001,0,0,92.209999,4,0,35.77,7.55,22.81,10,.56757545,0,Oceania,.15731017,.067542426,.0088085998,.81244367,.48890036,.29053247,0,514.78943,.79526871,507.78827,66153.367,20.233534,511.27686,5835.6709,20.095474,229.36806,5795.8525
POL,49.6,47.9,13,1,.9030195830004648,0,1,4.0031571,6.99999,8.4018259,70.590675,1939.9906,1,.02500038,.30000308,13.32549155551284,.9617762114539133,8.062119414434891,56.39131161576375,Poland,1,Europe,.296741935134098,100,.92199999,.0049999999,.021,0,0,47.16,3,4,4.96,18.51,63.33,9,.17508914,.98386866,Europe,.99999493,7.5323564e-06,0,.99749631,.000012605705,.99998742,0,177.56873,.92501348,64.997772,3179.98,12.816141,107.4317,751.44196,7.7539549,54.235821,454.63348
PRI,34.9,,,1,.8600337268129967,1,1,4,7,9.6801882,93.706039,1950,1,.025,.30000001,23.13172043009999,.7605344295989994,17.00809478759765,31.47119140624998,Puerto Rico,0,North America,1.44698278633586,66.299995,,,,,,,,,.86,38.29,57.84,,.44110861,.9955039,North America,1,0,0,0,1,0,0,535.07648,.57841259,289.2753,990.43591,17.59247,393.42648,727.98279,12.935242,23.934925,535.26501
PRK,53.8,,20,1,.4616346951903903,.0370059184322854,1,3.0016804,7,,,1949.9835,1,.025,.2000014,25.15110288083732,.4833987603908155,12.18560714749699,87.34112097160731,"Korea, Dem. Rep.",0,Asia,2.520668968094306,0,.0020000001,0,.017999999,0,0,,0,4,,,,-9,.29356274,.80813503,Asia,1,.000014053699,0,.99998593,.000014053699,.99998599,,632.578,.23367436,148.48903,7628.4712,12.158012,306.48145,2196.7256,5.8905072,42.220589,1064.3046
PRT,52.8,50.8,19,1,.860033726813025,1,1,4,7,9.307126,86.622597,1950,1,.025,.30000001,23.13172043010002,.7605344295990014,17.00809478759766,31.47119140624999,Portugal,0,Europe,1.304441405885868,98.269997,.88700002,.0089999996,.027000001,.0020000001,0,54.959999,13,3,3.78,17.09,68.64,10,.44110861,.9955039,Europe,1,0,0,0,1,0,0,535.07648,.57841259,289.2753,990.43591,17.59247,393.42648,727.98279,12.935242,23.934925,535.26501
PRY,51.3,51.6,3,.008394653,.5847752778692256,.9916053472953412,.032838702,1.0393119,6.6796818,7.1873965,51.658669,1946.084,.008394653,.20812236,.029350111,12.86298735244272,.9447889732548364,19.63458926969101,152.1188037252857,Paraguay,0,South America,.2454423605094945,52.849995,.88700002,.037,.052999999,0,0,43.299999,3,11,17.02,15.46,60.51,7,.53859901,.521209,South America,.008394653,.82308513,.054130524,.93287688,.93785638,.062143631,0,165.45644,.89262623,385.51709,23140.131,12.152808,252.55948,1956.7023,18.550543,143.72017,2986.7903
PSE,,,,,,,,,,,,,,,,,,,,"Palestinian Territory, Occupied",,,,,,,,,,,,,,,,,,,,,,,,,,,,,,,,,,,,
PYF,47.9,,,0,0,,1,2.9783909,6.9567819,9.5888147,91.945366,1900,0,.025,.1,,,23.60833358764649,145.2833404541015,French Polynesia,0,Oceania,2.071740280012705,,,,,,,34.580002,,,4.71,,,,,,Oceania,0,0,0,.021609023,1,0,,,,557.35339,21107.248,,,,,,3429.8975
QAT,36.9,,,1,.0395809080326,1,1,4,7,,,-2000,1,.025,.2,6.011911852289995,.8618556701029996,22.31371498107908,7.995486259460444,Qatar,0,Asia,.1808353302335143,.90000004,.059999999,.0089999996,.021,.82700002,.025,83.589996,0,1,,,,-10,.12488464,.65987158,Asia,1,0,0,0,1,0,1.3637931,36.143085,.74279517,497.90189,63.927799,5.1814003,134.14809,48.068157,19.231201,6.890955,178.409
REU,,,,0,.4566473988440004,1,1,3,7,,,1951,0,.025,.30000001,23.4594594595,.9382911392409999,20.39649200439453,122.4355239868164,,,Africa,3.873298524870624,,,,,,,,,,,,,,.43797469,.38630539,Africa,1,0,0,1,0,1,,550.34625,.88039029,416.01688,14990.458,22.011803,478.49069,2872.2712,19.137848,114.88017,2497.2551
ROU,58.3,47.9,7,1,.6293097485918988,.9203677990109262,1,4.918993,6.9985585,7.4091158,54.894997,1076.3008,1,.02506672,.20184168,23.39481795244321,.5310875495438564,14.03572076538659,68.40048279125494,Romania,,Europe,1.266616264000922,99.43,.079999998,.059,.012,.013,0,63.580002,2,10,12.51,14.54,51.11,8,.4583827,.96843374,Europe,.99999917,.000045580979,0,.066294983,.91898286,.081017144,.005831942,547.3175,.28205398,197.00146,4678.626,12.424697,328.36313,1600.2168,7.4541965,36.326645,960.05005
RUS,53.9,33,8,.93327606,.8793366866695029,.0009650864626864,.99994534,4.7747231,6.6231947,7.4816351,55.974865,1948.7493,.93327606,.034145977,.32628879,7.588140811248682,.9633663294749176,4.374282836584292,37.85639817633405,Russian Federation,1,Europe,.9397071568472721,99.5,.0080000004,.0089999996,.050000001,.075999998,.0049999999,57.84,81,35,6.43,,55.62,7,.42898536,.98438376,Europe,.90494663,.9539209,1.3970210e-06,.15872392,.84864199,.15135801,.044550631,57.57988,.92807466,19.13435,1433.1069,7.3101592,33.192673,287.25967,4.2140369,36.469578,165.59459
RWA,85.59999999999999,42.5,17,0,.5459080969043811,1,1,3.9884918,5.0113111,5.4190674,29.366291,1910.2054,0,.10002825,.29984188,24.81007186121478,.9581937955330693,19.78494716826851,93.94963173852884,Rwanda,0,Africa,3.309409058160695,0,.50999999,.28799999,.029999999,.079000004,.0020000001,15.16,12,0,37.19,6.97,49.23,-4,.53337222,.1649868,Sub-Saharan Africa,.99791092,0,0,1,0,.0018351483,0,615.53967,.91813534,391.44412,8826.5332,23.772858,490.86597,2330.8972,18.957813,90.021957,1858.7885
SAU,17.6,,,.017362937,.1955655417696655,1,1,2.0347238,1.1041776,9.1183109,83.143593,1857.3188,.017362937,.098697782,.84146571,13.1023221524413,.6445504988879814,19.9637951059366,15.55790378964694,Saudi Arabia,0,Asia,.9139483966467636,0,.028999999,.0020000001,.0049999999,.93699998,.013,57.220001,2,3,4.95,9.66,41.15,-10,.11470564,.89788932,Asia,.017362937,.56798613,0,.98294932,.43187058,.00031019773,.41090116,171.67085,.41544536,398.5531,242.04837,8.4451084,261.57208,203.84467,12.867674,10.027855,310.59482
SDN,28.9,,,.000031335348,.4456720647488865,1,.98763633,2.3373358,4.2333012,5.9291711,35.155071,1907.5796,.000031335348,.06223543,.44044933,9.459763873308679,.764394825970093,25.88096413175351,64.31568152185449,Sudan,0,Africa,.4415626343828899,0,.079000004,.078000002,.0060000001,.70300001,0,27.17,42,0,41.71,8.550000000000001,36.78,-7,.60380667,.0041418402,Sub-Saharan Africa,.3079561,.026892172,0,.72807497,.23379932,.54788542,.0050886371,89.487129,.58429945,669.82428,4136.5068,7.2309947,244.8278,608.41113,19.783276,49.162575,1664.5519
SEN,62.8,26.3,12,0,.8984118121164969,1,1,2.6767657,6.5137186,6.0469799,36.565968,1935.9833,0,.026974447,.2800974,9.29327181898396,.8588245941523914,25.84746255760055,102.6288749166405,Senegal,0,Africa,.2441450322469498,1.3000001,.046999998,.001,.0080000004,.87599999,0,51.98,1,0,19.14,14.65,57.63,8,.69493246,.12037195,Sub-Saharan Africa,0,.038109686,0,.99995571,.0028722291,.99707794,0,86.364899,.7375797,668.09131,10532.686,7.9812903,240.20749,953.75806,22.198437,88.140205,2652.696
SGP,52.3,,4,1,0,1,1,3,7,10.046596,100.93408,1940,1,.025,.2,17.28689492330001,.609459459459,25.35208320617676,240.0537567138672,Singapore,0,Asia,.0164655433524944,.5,.039999999,.046,.037,.184,.050999999,293.73999,0,0,.11,27.69,64.27,-2,,,Asia,1,0,0,1,0,1,0,298.83673,.37144083,642.72815,57625.805,10.535662,438.25879,4149.7842,15.451067,146.30304,6085.8628
SHN,,,,1,,,1,1,7,,,1930,1,.025,.2,,,,,,,Africa,3.862818211738253,,,,,,,,,,,,,,,,Africa,1,0,0,0,1,0,,,,,,,,,,,
SLB,24,,2,.062217526,.0323322019908368,1,.9802441,1.3939887,6.2891722,6.5718913,43.189754,1913.9536,0,.058179855,.093895309,21.22204383149546,.9328911295693865,24.82809036493772,259.1914630440004,Solomon Islands,0,Oceania,1.539632891186024,,.108,.74000001,.109,.001,0,37,0,0,34.68,8,52.6,0,.26828155,.2759971,Oceania,.062217526,.63281709,0,.57873029,.71413636,.28586361,0,450.37515,.87028587,616.43408,67180.211,19.797857,526.90283,5500.5728,23.161905,241.79742,6435.229
SLE,67.8,7.9,9,0,.1041340686897577,1,.92287719,2.3067079,7.2432547,4.9456396,24.459351,1924.0183,0,.0375484,.15062808,9.073155917318756,.8683972191745379,25.52223615473399,207.4124331688728,Sierra Leone,0,Africa,.49842448893408,0,.033,.037999999,.043000001,.45899999,.001,25.48,9,0,58.36,3.55,13.25,0,.56790715,.0019931362,Sub-Saharan Africa,0,.087194048,.077122808,.92287719,0,.99994332,0,82.322159,.75411373,651.38452,43019.918,7.8791032,231.56723,1881.8854,22.163439,180.11638,5293.6289
SLV,45.1,40.2,17,0,.6004761641097004,1,.47929555,2.041409,7,7.645524,58.454037,1725.1385,0,.1,.064052835,28.65259524821179,.591836262254391,20.20849760029885,104.885545917039,El Salvador,0,North America,1.750159004122618,50,.83399999,.054000001,.088,0,0,60.060001,15,5,10.48,24.7,57.92,7,.52336717,.25145593,North America,.52070445,0,0,.52070445,.52070445,0,0,820.97119,.35027015,408.38336,11000.978,16.957645,579.02588,3005.2432,11.960122,62.075069,2119.5793
SMR,,,13,1,.5846477392219996,1,1,5,7,,,1000,1,.025,.2,24.68466257669998,.4935622317599999,14.32113075256347,69.61696624755859,San Marino,1,Europe,1.802089074727205,,.88700002,0,.035,0,0,,0,0,,,,,.43916488,.96493614,Europe,1,0,0,0,1,0,,609.33258,.24360368,205.09479,4846.522,12.183417,353.51227,1718.4713,7.0683694,34.360306,996.99365
SOM,58.4,,,.0019110222,.1811725428027448,1,1,2.9779255,1.0612571,,,1949.1901,.0019110222,.026205271,.91592878,9.060965025143279,.6030067460373537,25.56213437320923,17.88614143537571,Somalia,1,Africa,.6502255968517252,0,0,0,.0020000001,.98299998,0,,19,2,,,,0,.51778996,.020633111,Sub-Saharan Africa,0,.0029791084,.0096458439,.98881984,.001534311,.98392969,0,82.101089,.36361712,653.42273,319.91406,5.4638228,231.6176,162.0657,15.41414,10.785464,457.20795
SPM,,,,1,.9174646602830001,0,1,5,7,,,1950,1,.025,.30000001,10.5113986445,.7555238774059999,9.545904159545898,74.23926544189452,,,North America,.8329433935866694,,,,,,,,,,,,,,.095085777,.96806878,North America,1,,0,0,1,0,,110.4895,.57081634,91.124283,5511.4688,7.9416127,100.34081,780.35852,7.2121587,56.089539,708.68091
STP,41.5,,9,0,.8298465829849998,1,1,4,7,,,1950,0,.025,.1,4.821624923639999,.8926794598440003,26.35104179382325,96.39250183105467,Sao Tome and Principe,0,Africa,2.347292214546405,,.75300002,.037,.167,0,0,,0,0,,,,,.63151652,0,Sub-Saharan Africa,0,0,0,1,0,1,0,23.248068,.79687661,694.37738,9291.5146,4.3041654,127.05484,464.76849,23.523033,86.047607,2540.0427
SUR,34.1,18.3,16,0,.0035955446562761,1,0,1.7109164,5.2083535,7.6283197,58.191261,1849.1636,0,.12227229,.025,8.823458450217148,.9621623525276015,25.45903238878118,229.5653354129527,Suriname,0,South America,.3068180415535788,,.223,.17299999,.109,.139,.178,103.68,0,0,11.16,9,63.67,,.62116826,0,South America,0,1,.809596,0,.14265694,.67921108,0,77.853416,.92575639,648.16235,52700.242,8.4895992,224.63672,2025.5602,24.495722,220.87912,5844.5112
SVK,52.3,29.6,13,1,.9072995137592934,.0005981082789472,1,4.0096779,6.9977984,8.2377405,67.860367,1939.8639,1,.025082568,.2884261,12.79576831782764,.9618728409745515,8.418658827253481,55.57550194565895,Slovak Republic,1,Europe,1.559729479309325,99.610001,.67900002,.111,.061000001,0,0,85.68,0,0,4.48,24.69,59.3,9,.24247545,.98129117,Europe,.99949723,0,0,.99733663,.00050278445,.99949723,0,163.73169,.92519939,70.873817,3088.6365,12.307902,107.72321,711.13123,8.0976791,53.456566,467.87119
SVN,51.4,42.2,8,1,.8084258288203943,.0373173883358442,1,4.0155754,7.9783945,9.180829,84.287621,1935.1947,1,.025,.39619398,22.3679161811114,.8835348263230146,10.81007775759762,64.4184385826707,Slovenia,1,Europe,2.495802730039493,100,.83499998,.016000001,.064000003,.001,0,95.120003,0,0,3.31,25.84,60.87,10,.39645281,.97545642,Europe,1,0,0,.9792738,.015575291,.98442471,0,500.32367,.78063381,116.85778,4149.7354,19.762833,241.79892,1440.9063,9.5510798,56.915936,696.36835
SWE,58.2,,43,.99721998,.8044677780737676,0,1,3.9916599,6.9833198,10.214149,104.32883,1949.9474,.99721998,.025486505,.30030733,4.960666487379043,.9605324683199483,9.173460696446126,72.81217190874327,Sweden,0,Europe,.7154700717927625,99.300003,.018999999,.62900001,.017999999,.023,0,64.709999,0,0,1.99,22.05,69.37,10,.046347536,.95535606,Europe,.99721998,0,0,.0080470471,.0027800289,.99721998,0,24.608212,.92262262,84.152382,5301.6123,4.7648811,45.506477,361.1969,8.8114071,69.938454,667.93958
SWZ,48.4,28.6,3,.99815756,.9145737131678672,1,1,4,5.9981575,7.1921091,51.726433,1879.9078,0,.1,.20036849,26.28660120627185,.9228814875151083,19.822433299753,56.43007941292464,Swaziland,0,Africa,3.062861357974817,2.8000002,.052000001,.183,.634,.0070000002,.0020000001,131.31,0,0,12.46,39.5,42.56,-9,.68812412,.34195584,Sub-Saharan Africa,0,0,0,1,0,1,0,690.98541,.85171026,392.92886,3184.3538,24.259418,521.06439,1483.355,18.293756,52.078274,1118.5815
SYC,,,24,0,.4566473988439999,1,1,3,7,8.9331169,79.800575,1951,0,.025,.30000001,23.4594594595,.9382911392409999,20.39649200439453,122.4355239868164,Seychelles,1,Africa,4.885415703707642,,.86699998,.057999998,.044,.0020000001,.0049999999,87.169998,0,0,3,19.21,67.98,,.43797469,.38630539,Sub-Saharan Africa,1,0,0,1,0,1,0,550.34625,.88039029,416.01688,14990.458,22.011803,478.49069,2872.2712,19.137848,114.88017,2497.2551
SYR,20.3,14.4,10,.87130278,.3172042518680991,.97254854186891,1,3.1215031,6.1325502,7.0470591,49.661041,1312.6125,.87130278,.034997419,.41295347,20.40555062308821,.7196284778183523,17.26108059632853,34.8771229861728,Syrian Arab Republic,0,Asia,.7555580090815738,0,.02,.0020000001,.0060000001,.89300001,0,43.720001,7,5,23.75,6.55,38.31,-7,.29530889,.94067025,Asia,.87130278,.28242803,0,.83965814,.21232322,.68806815,.033627767,416.38651,.51786512,297.94492,1216.4137,14.684415,352.22186,711.68689,12.421565,25.098572,602.01685
TCA,,,,0,.8298465829850001,1,1,4,7,,,1950,0,.025,.1,4.821624923639999,.8926794598439999,26.35104179382324,96.39250183105466,,,North America,.0067691730910001,,,,,,,,,,,,,,.63151652,0,North America,0,0,0,1,0,1,,23.248068,.79687661,694.37738,9291.5146,4.3041654,127.05484,464.76849,23.523033,86.047607,2540.0427
TCD,64.59999999999999,40.1,2,.0058949753,.6307780843379384,1,1,1.7586668,4.9789586,5.1274672,26.29092,1911.3871,0,.091009974,.25845137,5.83615343250744,.8700872129886075,26.88827989868336,79.70721775875691,Chad,0,Africa,.4194681299381853,0,.066,.102,.059999999,.59100002,0,36.099998,20,2,42.31,8.93,46.34,-2,.59600616,.0089698415,Sub-Saharan Africa,.30272985,.0033283248,.0017502876,.99018389,.058678884,.50889897,0,34.060688,.75705177,722.97961,6353.2407,5.0779624,156.92413,465.18356,23.395149,69.352234,2143.1899
TGO,60,31.8,,0,.8842178602029007,1,1,1.9290164,6.5009828,5.5126019,30.388779,1920.1149,0,.095043853,.19872636,5.02732035684799,.8795316515639618,26.3933141929427,83.5525391240799,Togo,0,Africa,.2802605083552293,0,.243,.104,.079999998,.189,0,69.599998,0,0,34.22,8.359999999999999,47.93,-2,.65601152,0,Sub-Saharan Africa,.58529091,0,0,.98726773,.040251885,.4427591,0,25.273951,.7735759,696.60706,6981.0269,4.4216876,132.68765,420.04538,23.213755,73.487106,2205.2285
THA,66.09999999999999,,6,.97837621,.3561625546336639,1,.99837714,4.8159847,6.9477558,7.5996699,57.754982,1940.3202,.97837621,.026304087,.10380138,13.95674926690931,.659666405378063,26.07753521917711,154.9094425248198,Thailand,0,Asia,1.050792207430964,0,.0040000002,.0049999999,.013,.068000004,.0040000002,106.73,2,16,9.02,33.59,48.99,9,.58536893,.0067026014,Asia,.98008662,.0026162097,.016002582,.033734657,.9717536,.028246364,.0026526388,194.79085,.43515977,680.03784,23996.936,9.2067986,363.95761,2162.0322,17.202475,102.18855,4039.6565
TJK,45.2,34.4,3,.98051554,.2873952896501504,.6082421167434535,1,2.120847,3.1444778,5.0674081,25.678625,1266.6553,.98051554,.054381896,.49854681,22.43781465878222,.3846612721566526,6.817121735495249,13.87968429059749,Tajikistan,1,Asia,5.300787217750663,3.9000001,.001,.003,.0020000001,.83600003,0,169.66,6,0,27.42,33.66,33.72,-1,.21914798,.74763042,Asia,.025396969,.020316165,0,1,0,1,0,503.45554,.1479643,46.473148,192.64563,8.6309586,152.96132,311.42978,2.6222827,5.3389769,94.619499
TKL,,,,0,,,0,2,7,,,1900,0,.025,.025,,,,,,,Oceania,0,,,,,,,,,,,,,,,,Oceania,0,,1,0,0,1,,,,,,,,,,,
TKM,57.6,,26,.99398011,.2614543464154112,.2527830666707342,1,3.8759043,6.4569111,6.4695196,41.854683,1706.1794,.99398011,.034392327,.41557041,4.539612743339034,.4102559515661398,14.68639412174178,8.572877616758115,Turkmenistan,1,Asia,.2839656817815804,5.5,.001,.001,.0049999999,.87199998,0,147.75999,0,0,24.37,10.64,31.24,-9,.12333667,.67976034,Asia,.86015421,.046265531,0,1,.094597816,.90540218,.032911602,20.608084,.16830994,215.69017,73.494232,1.8624032,66.67054,38.917545,6.0251808,3.5170741,125.90466
TLS,56,42.9,,0,.7619392221676736,1,1,2.3567798,6.7135596,,,1946.1436,0,.025466304,.22784424,24.41904690706416,.6991519460110136,23.76816137400683,153.4475725133989,,,Asia,1.849735688640062,0,,,,,,,0,0,25.77,2.76,55.72,,.55123144,.0013114051,Asia,0,.99036717,.63922113,.35456148,.35456148,.64543849,0,596.28986,.48881343,564.92548,23546.158,17.072624,580.39587,3747.0435,16.617556,107.28317,3647.1667
TON,47.2,65.3,,0,,,1,3,7,7.2933784,53.193367,1850,0,.025,.1,,1,,,Tonga,0,Oceania,.7728943020559755,,.13600001,.42399999,.36500001,0,.001,41.880001,0,0,28,5.06,55.79,,,,Oceania,0,,0,1,1,0,0,,1,,,,,,,,
TTO,47.3,45.1,11,0,.8298465829849991,1,1,4,7,8.7557774,76.663635,1950,0,.025,.1,4.821624923640004,.8926794598440001,26.35104179382325,96.39250183105467,Trinidad and Tobago,0,North America,.6027869328536019,7.1000004,.30700001,.257,.075000003,.068000004,.228,92.980003,0,0,1.41,7.35,49.1,10,.63151652,0,North America,0,0,0,1,0,1,.11024345,23.248068,.79687661,694.37738,9291.5146,4.3041654,127.05484,464.76849,23.523033,86.047607,2540.0427
TUN,23.8,,12,1,.9043602252409023,1,1,4.9989996,6.9933829,7.6173029,58.023304,1929.9388,1,.025,.20051329,20.01450503628267,.7455209461607917,17.5234507473636,48.95626732422838,Tunisia,0,Africa,.726361917342019,0,.0020000001,0,.003,.98900002,0,74.150002,0,0,12.34,18.25,59.07,-3,.41458431,.94571579,Africa,.99899977,0,0,1,0,.99997038,.0081219357,400.58041,.55580151,307.07132,2396.7161,14.921233,350.72321,979.83545,13.064099,36.497921,857.88275
TUR,26.6,40.7,4,.99665284,.6159361471134405,.9011324551119901,1,3.8226888,6.436605,7.9914608,63.863445,1893.6719,.99665284,.026241984,.39831814,27.2292798077854,.5538294355865722,13.82054418169559,38.40211230065459,Turkey,0,Asia,2.620193178308081,9.999999,.001,.001,.001,.972,0,30.870001,59,32,11.31,22.5,57.21,7,.36174092,.96585578,Asia,.99657804,.000011524506,0,.98619217,.14970218,.85028648,0,741.43365,.30672705,191.00745,1474.7223,15.080377,376.32346,1045.6619,7.6542244,21.268221,530.7381
TUV,,,,0,,,1,2,7,,,1890,0,.025,.1,,,,,,,Oceania,.0247146974212509,,,,,,,,0,0,,,,,,,Oceania,0,0,0,1,0,1,,,,,,,,,,,
TWN,,,,.98864555,.0384040645416623,.9869804031863483,1,4.886013,6.9948573,,,1920.4371,.98864555,.028694518,.19693075,23.50844689521103,.7613706634908414,20.3292026960571,156.5299972991943,"Taiwan, China",,Asia,3.490137559779344,0,.013,.017999999,.030999999,.0040000002,0,,0,3,,,,9,.073844872,.91210657,Asia,.98864555,0,.019338066,.98066193,.0023711652,.99762881,0,552.64709,.57968527,413.27649,24501.641,17.898642,477.90799,3679.7771,15.478059,119.17735,3182.1301
TZA,87,30.9,16,0,.9062658810223548,1,.98882741,2.3492453,5.4585075,5.591846,31.268742,1919.2827,0,.069228806,.28458744,12.57531785507776,.9271789198697116,22.20343637785403,82.64901336802018,Tanzania,0,Africa,.6774514906479073,0,.24699999,.244,.052999999,.31799999,.0099999998,24.870001,9,2,45.04,7.45,39.22,1,.71789229,.2444039,Sub-Saharan Africa,.45778045,.058394916,.10879901,.74745816,.056705456,.26030535,0,158.13863,.85966074,492.99258,6830.8594,11.65957,279.21527,1039.3376,20.586557,76.630424,1835.0922
UGA,79,34.7,18,.051998802,.6346474174282858,1,.9999305,2.9912739,5.7664866,5.4963317,30.209661,1915.5665,0,.089909352,.2336884,14.23813035974687,.945980284732912,22.40076425828761,98.02308033556776,Uganda,0,Africa,.9132366639056453,0,.414,.41600001,.054000001,.052000001,.0080000004,32.23,16,2,29.57,7.77,47.49,-4,.60260731,.072103009,Sub-Saharan Africa,.46054646,0,0,.7062614,.0056140679,.24849424,0,202.72435,.89487869,501.79425,9608.5244,13.46899,318.94501,1395.6654,21.190681,92.727898,2195.792
UKR,51.8,47.1,8,1,.9756567068902897,.0262422334490678,1,4.9760809,6.9815688,6.454741,41.663681,1923.0687,1,.025691167,.29907882,8.344827819645614,.9852201048491122,7.314131009592474,38.31084451251446,Ukraine,1,Europe,.415840020632231,100,.106,.026000001,.169,.0040000002,0,91.260002,0,0,17.08,19.23,46.6,6,.58913028,.99765766,Europe,.99203336,.26067784,0,.71881002,.28690609,.71309394,0,69.636154,.97065866,53.496513,1467.7208,8.2214918,61.035164,319.69739,7.2060289,37.744614,280.21054
URY,49.4,23.1,12,1,.8600337268130361,1,1,4,7,8.7422838,76.427528,1950,1,.025,.30000001,23.13172043009997,.7605344295989998,17.00809478759766,31.47119140625008,Uruguay,0,South America,.4354789402507703,91.889503,.58200002,.026000001,.039999999,0,0,25.24,1,0,6.96,14.05,68.53,10,.44110861,.9955039,South America,1,0,0,0,1,0,0,535.07648,.57841259,289.2753,990.43591,17.59247,393.42648,727.98279,12.935242,23.934925,535.26501
USA,59.5,,13,.97252756,.8553954679427843,.0439818524231417,.99498731,3.9498985,7.927381,10.451593,109.2358,1919.2429,.97237331,.026821842,.29440606,16.43384156290423,.971611345635957,8.69002371818882,89.2839533191583,United States,0,North America,1.073455520221122,76.020004,.182,.211,.43599999,.015,.0049999999,20.620001,39,36,1.23,16.96,74.61,10,.43208084,.82872707,North America,.993999,.0018233851,.0024899947,.016118119,.97502959,.024629729,.027406598,270.07114,.94402862,75.51651,7971.6245,15.967307,142.81047,1467.2783,8.443326,86.749306,775.8797
UZB,53.5,39.8,7,.59609681,.2226237427819769,.0819160052320014,1,3.0480428,3.0765698,6.3247714,40.002735,424.43536,.59609681,.093778923,.51432991,5.72430475444304,.5251296482455389,8.552811400135637,8.371130411964959,Uzbekistan,1,Asia,.5259386482482857,7.5000005,.0020000001,.0020000001,.0049999999,.76200002,0,40.07,0,0,34.36,9.44,42.51,-9,.31500095,.56808013,Asia,.016714621,.43144783,0,1,0,1,.0070559559,32.767666,.27576116,73.150581,70.075821,3.0060022,48.9589,47.918903,4.4913349,4.3959289,71.596703
VCT,50.5,76,5,0,.8298465829849999,1,1,4,7,7.9692879,63.509548,1950,0,.025,.1,4.821624923639999,.892679459844,26.35104179382324,96.39250183105467,St. Vincent and the Grenadines,0,North America,3.070935815951326,,.088,.47,.333,.015,.034000002,61.939999,0,0,10.68,5.96,65.66,,.63151652,0,North America,0,0,0,1,0,1,0,23.248068,.79687661,694.37738,9291.5146,4.3041654,127.05484,464.76849,23.523033,86.047607,2540.0427
VEN,45.2,30.7,12,0,.1589853951097357,1,.54887712,1,3.0692291,8.4802608,71.914825,1943.686,0,.1295872,.36560836,11.05929853281217,.9003144506074743,25.87560614573402,123.4084707815486,"Venezuela, RB",0,South America,.633912194204443,54.5,.91799998,.0099999998,.021,.003,0,42.459999,15,0,4.21,19.83,46.12,7,.61315978,.0016939294,South America,0,.86661226,.48569632,.0093827359,.088428706,.89976758,.13787229,122.30808,.81056613,669.547,15229.65,9.9568462,286.16605,1364.8112,23.296183,111.10643,3193.269
VGB,,,,0,.8298465829849999,1,1,4,7,,,1950,0,.025,.1,4.821624923639999,.892679459844,26.35104179382324,96.39250183105469,,,North America,1.256865693376148,,,,,,,,,,,,,,.63151652,0,North America,0,0,0,1,0,1,,23.248068,.79687661,694.37738,9291.5146,4.3041654,127.05484,464.76849,23.523033,86.047607,2540.0427
VIR,46.1,,,0,.829846582985,1,1,4,7,,,1950,0,.025,.1,4.82162492364,.8926794598439999,26.35104179382325,96.39250183105467,Virgin Islands (U.S.),0,North America,1.40410745027047,,,,,,,,,,,,,,.63151652,0,North America,0,0,0,1,0,1,,23.248068,.79687661,694.37738,9291.5146,4.3041654,127.05484,464.76849,23.523033,86.047607,2540.0427
VNM,69.5,59.2,26,.87201017,.1564486725673767,.9999911602469768,1,4.3562789,6.6517701,5.9952683,35.943241,1947.8702,.87201017,.031465288,.18059093,18.68265972002511,.6432653387624074,23.77794484846578,198.6611301195036,Vietnam,1,Asia,2.053842020610186,0,.067000002,.0070000002,.0080000004,.0070000002,0,96.629997,0,0,24.53,18.56,38.73,-7,.52182162,.0817049,Asia,.89535713,.0015584838,.11613133,.73182267,.25160152,.74839854,.0041429205,349.04178,.41379029,565.39069,39466.246,12.017907,444.23526,3711.5183,15.295527,127.79182,4723.7534
VTC,,,,1,.584647739222,1,1,5,7,,,1000,1,.025,.2,24.6846625767,.49356223176,14.32113075256348,69.61696624755859,,,Europe,.4381999865645572,,,,,,,,,,,,,,.43916488,.96493614,Europe,1,0,0,0,1,0,,609.33258,.24360368,205.09479,4846.522,12.183417,353.51227,1718.4713,7.0683694,34.360306,996.99365
VUT,79,51.4,0,0,0,1,1,1.1706127,7,7.1525517,51.158997,1928.2184,0,.037645075,.1,21.17036239117951,.9657501513929879,24.29684787733576,250.6004810888296,Vanuatu,0,Oceania,1.728890087183472,,.14300001,.66399997,.124,0,0,40.25,0,0,15.58,4.36,75.12,,,,Oceania,0,.5381937,0,.78431267,.61133653,.0043751798,0,448.18423,.93267334,590.33679,62800.602,20.44528,514.37305,5305.3032,23.464685,242.01746,6088.8018
WLF,,,,0,,,1,2.8071759,7,,,1831.9282,0,.025,.03946181,,,,,,,Oceania,1.305813045538052,,,,,,,,,,,,,,,,Oceania,0,,0,1,.80717587,.19282416,,,,,,,,,,,
WSM,40.8,79.8,8,0,0,,1,3,7,7.174139,51.468269,1920,0,.025,.1,,1,,,Samoa,0,Oceania,1.677232893621196,,.19599999,.639,.122,0,0,48.860001,0,0,16.84,14.77,57.2,,,,Oceania,0,,0,0,0,1,0,,1,,,,,,,,
YEM,17.2,6.4,1,.99930418,.0039266825327134,1,1,3.9986084,6.9958253,6.2660246,39.263065,1941.2714,.99930418,.025052184,.30019128,30.74311804834815,.3417179498099551,21.73280332199227,25.86730669224628,"Yemen, Rep.",1,Asia,2.32311302675445,0,0,0,0,.98900002,.0070000002,,4,0,10.31,5.23,43.19,-2,.11905774,.79586577,Asia,.99930418,.063484132,0,.99779421,.0027173846,.99709839,.025702812,945.13928,.11677115,472.31473,669.11755,10.505475,668.13416,795.24164,7.4264889,8.839323,562.16907
YUG,,28.8,,1,.7759407191015818,.0809893540491511,1,3.8228624,7.4449949,,,1940.0607,1,.025,.39596331,23.82611230660448,.871551569260045,10.80798568741804,66.73063686536962,,,Europe,1.673230350053253,98.679993,.050999999,.0089999996,.050000001,.162,0,,4,11,20.56,,48.09,7,.42727005,.97776216,Europe,1,0,0,.99911821,.00088180386,.99911821,0,567.68365,.75960213,116.81255,4452.978,20.765686,257.51227,1589.9316,9.4197168,58.159191,721.22375
ZAF,44.3,22.6,30,.54055101,.8655078321336734,.901535291545786,.99999851,3.5500345,5.9204602,8.0129948,64.208084,1858.7257,.32836899,.092699148,.4472276,24.37634370515137,.8632641057367024,17.66871093162123,64.05831163802088,South Africa,0,Africa,1.760554415275618,18,.068999998,.30899999,.43900001,.024,.024,44.91,14,9,3.27,18.98,64.94,9,.74228317,.42265296,Sub-Saharan Africa,.1939358,.1321781,0,.90153378,.09976963,.5093956,0,594.20612,.74522489,312.18335,4103.4673,21.043222,430.69858,1561.5074,15.252764,55.29924,1131.8278
ZAR,55.5,38.9,,0,.42365899726044,1,.92873919,2.3839378,6.5456176,4.4546533,19.843935,1915.7878,0,.14430907,.11072472,10.23763146944928,.9849515167456167,23.37467884659945,124.2026840255755,"Congo, Dem. Rep.",0,Africa,.4433295686160856,.46000001,.48500001,.20100001,.26899999,.011,.0020000001,,17,2,49.97,4.82,29.73,0,.68420249,.12860218,Sub-Saharan Africa,.055021923,.024661647,0,.55917656,.28592852,.11099534,0,104.8091,.97012949,546.37561,15426.307,10.08357,239.30135,1271.5413,23.022926,122.33363,2903.1978
ZMB,62.1,37.2,10,0,.9558997986363408,1,.75430125,2.3903487,5.8713493,5.7121835,32.62904,1922.1133,0,.14500377,.1007836,11.79247912837148,.9448959186890452,21.02752108337525,87.38949367466587,Zambia,0,Africa,.5325837749021037,1,.292,.278,.244,.011,.001,58.23,0,0,22.31,11.42,52.4,1,.85191959,.30904639,Sub-Saharan Africa,.069098473,.0048127766,.01378586,.12153637,.24402325,.31428945,0,139.06256,.89282829,442.15665,7636.9238,11.142666,247.9666,1030.5388,19.868818,82.573975,1837.5845
ZWE,64,56.2,14,1.6420100e-06,.9130605020154526,1,.99459296,3.1048636,6.3376594,6.375824,40.651131,1913.3966,1.6420100e-06,.10117199,.22836274,19.11967133686976,.9439008548133003,20.15654204384019,53.82454675445755,Zimbabwe,0,Africa,1.194341259983075,1,.086000003,.134,.45199999,.0070000002,.001,51.189999,29,0,18.49,15.8,56.52,-3,.79027528,.29201165,Sub-Saharan Africa,.011530197,.056977108,.00007256995,.96196234,.0054070372,.066422433,0,365.56183,.89094883,406.28619,2897.0818,18.047073,385.38644,1029.1077,19.025778,50.805035,1084.9167
